65	maker	fail	The developer's own research blog on its own RL experiment; no earlier published protocol shown.
1152	user	fail	The user's account of a coding agent on their own project, carried by the press; no recording rule.
1604	affected party	fail	The affected platform disclosed first (07-16), five days before the developer, and per the description detected and contained the activity; no published rule shown.
1627	maker	fail	The developer's disclosure of its own evaluation, run with an evaluation contractor; the press follows the same day.
1628	maker	fail	Same developer disclosure as 1627.
1629	maker	fail	Same developer disclosure as 1627.
1633	third-party evaluator	fail	A government AI evaluation institute's own incident report on its tests of two developers' agents; no earlier published protocol shown in the record.
1642	user	fail	The user's own blog post about their agent; no recording rule.
1649	maker	fail	The developer's evaluation, run with an evaluation contractor, first reported by the press; the developer had not confirmed the account.
1668	third-party researchers	fail	Researchers not tied to the developer, reading the public edit history of a wiki; the developer disputed the account. Registered rule: no named evaluation suite or registered procedure (see exploratory reading).
1673	user	fail	A developer-user's account of their own coding agent; the model's developer had not verified it.
1685	maker	fail	The developer's disclosure, in its own alignment assessment, of its January evaluation.
1700	maker	fail	The developer's evaluation, run by an evaluation contractor, reported by the press with the developer's statements.
1707	maker	fail	The description says the developer notified the government; a related strand was found by outside researchers in a public URL-scanning service (see exploratory reading).
