date,sessions,commits,works_shipped_slugdate,works_first_seen_in_git,files_new_output,files_new_drafts,files_new_register,files_new_tooling,files_new_feedback,files_new_other,lines_added_output,lines_added_drafts,lines_added_register,lines_added_tooling,lines_added_feedback,lines_added_other,lines_added_drafts_prose,lines_added_drafts_data,lines_added_output_prose,lines_added_output_data,lines_added_register_prose
2026-07-01,1,0,8,0,0,0,0,0,0,0,0,0,0,0,0,0,0,0,0,0,0
2026-07-02,4,0,2,0,0,0,0,0,0,0,0,0,0,0,0,0,0,0,0,0,0
2026-07-03,3,0,0,0,0,0,0,0,0,0,0,0,0,0,0,0,0,0,0,0,0
2026-07-05,3,0,1,0,0,0,0,0,0,0,0,0,0,0,0,0,0,0,0,0,0
2026-07-06,2,0,1,0,0,0,0,0,0,0,0,0,0,0,0,0,0,0,0,0,0
2026-07-07,1,0,0,0,0,0,0,0,0,0,0,0,0,0,0,0,0,0,0,0,0
2026-07-09,3,0,1,0,0,0,0,0,0,0,0,0,0,0,0,0,0,0,0,0,0
2026-07-10,7,0,0,0,0,0,0,0,0,0,0,0,0,0,0,0,0,0,0,0,0
2026-07-11,6,4,1,14,58,27,27,9,0,1,12329,1709,10323,912,0,21,225,609,2050,2374,10269
2026-07-12,3,16,0,0,0,13,3,1,0,0,25,646,826,42,0,0,256,58,0,6,727
2026-07-13,3,9,0,0,0,8,1,0,0,0,0,6765,779,0,0,0,418,263,0,0,750
2026-07-14,1,4,0,0,7,0,1,0,0,0,6828,0,325,0,0,0,0,0,143,425,315
2026-07-15,1,3,0,0,0,0,1,0,0,0,0,0,224,0,0,0,0,0,0,0,216
2026-07-16,3,13,0,0,0,0,10,0,0,0,76,0,14081,44,0,0,0,0,31,3,1209
2026-07-17,2,7,1,1,6,0,4,0,0,0,920,0,656,0,0,0,0,0,121,242,525
2026-07-18,1,3,0,0,0,0,1,0,0,0,0,0,395,0,0,0,0,0,0,0,387
2026-07-19,1,4,0,0,0,0,9,0,0,0,0,0,1352,0,0,0,0,0,0,0,348
2026-07-20,3,1,1,0,0,0,0,0,0,0,0,0,7,0,0,0,0,0,0,0,7
2026-07-21,4,7,0,0,0,0,9,0,1,0,1,0,1859,0,47,0,0,0,0,1,415
2026-07-22,2,14,0,1,8,0,12,0,2,2,1963,0,3958,0,83,75,0,0,57,1575,2188
2026-07-23,4,14,0,0,0,8,1,0,1,0,0,948,870,0,75,0,599,111,0,0,833
2026-07-24,2,10,1,1,1,0,1,0,1,0,7,216,341,0,164,35,100,13,0,7,331
2026-07-25,4,51,1,1,9,37,5,4,2,5,1781,18009,1647,660,570,1007,751,12687,323,168,1286
2026-07-26,3,31,2,1,15,57,4,0,0,0,6630,61235,2201,0,0,32,4271,52767,902,3774,1828
2026-07-27,1,28,0,0,0,8,2,0,1,0,99,3332,995,0,57,31,1416,340,92,1,972
2026-07-28,1,11,0,0,1,10,2,0,1,0,73,15507,575,0,47,0,737,14275,60,0,564
2026-07-29,0,1,0,0,0,0,0,0,1,0,0,0,0,0,47,0,0,0,0,0,0
2026-07-30,3,49,1,2,19,2,4,1,1,0,36792,320,2387,202,106,829,282,4,666,34842,1936
2026-07-31,4,71,0,0,5,35,1,0,1,9,1696,19611,2446,0,50,1136,1503,16021,206,134,1970
2026-08-01,2,59,0,0,3,14,4,0,1,1,760,24335,3950,0,67,118,917,22357,405,67,3435
2026-08-02,4,51,0,0,0,51,2,4,1,0,0,13810,2723,397,47,0,1663,2798,0,0,2161
2026-08-03,3,23,1,0,1,20,1,1,1,0,100,11547,1320,318,37,157,1277,9011,60,0,1295
2026-08-04,3,56,0,1,9,43,2,0,1,0,3420,7607,1371,0,117,0,1254,3534,1409,1270,1338
2026-08-05,3,62,1,1,21,112,2,0,2,2,7757,54660,2265,0,36,689,2664,48293,661,5904,1033
2026-08-06,5,51,0,0,0,40,1,1,1,0,0,30352,2589,158,5,0,2512,22119,0,0,1936
2026-08-07,2,16,0,0,6,6,1,0,0,1,1829,3245,1473,4,0,93,682,1980,1789,0,796
2026-08-08,4,44,0,0,0,60,3,0,1,0,0,28776,4052,0,23,0,1922,24796,0,0,1991
2026-08-09,2,27,0,0,0,82,1,0,0,0,0,151229,1012,0,0,0,2017,146902,0,0,988
2026-08-10,3,38,0,0,0,105,1,0,1,0,0,10724,2906,0,34,8,3818,3536,0,0,1441
2026-08-11,3,70,0,0,0,150,1,0,1,0,0,189372,1975,0,29,3,5332,181035,0,0,1201
2026-08-12,3,38,0,0,0,64,1,1,1,0,0,121749,1710,119,22,0,2993,116706,0,0,939
2026-08-13,3,65,0,0,0,66,4,0,0,0,0,56695,1614,0,0,0,4095,48892,0,0,1332
2026-08-14,2,30,0,0,0,52,1,0,1,0,0,55914,652,0,23,0,2054,50941,0,0,629
2026-08-15,2,32,0,0,0,50,4,0,1,0,0,139887,3824,0,19,0,3083,133935,0,0,3798
2026-08-16,3,43,0,0,0,98,1,0,1,0,0,317965,2708,0,29,0,4135,302382,0,0,997
2026-08-17,1,7,0,0,0,15,1,0,0,0,0,1163,388,0,0,0,713,51,0,0,378
2026-08-18,1,20,0,0,0,31,1,1,1,0,0,46596,1142,36,27,0,1521,43932,0,0,785
2026-08-19,1,31,0,0,0,40,2,1,1,0,0,52102,608,20,71,0,1211,45940,0,0,599
2026-08-20,1,23,0,0,0,73,1,1,0,0,0,102872,529,20,0,0,1565,86674,0,0,516
2026-08-21,2,12,0,0,0,23,8,2,1,0,0,47944,1317,48,12,0,952,46580,0,0,1118
2026-08-22,2,17,0,0,0,28,2,4,0,1,0,90093,1014,165,0,6,1253,88040,0,0,987
2026-08-23,1,20,0,0,0,18,1,8,1,0,0,44675,479,3383,26,0,876,43728,0,0,469
2026-08-24,1,12,0,0,0,30,1,0,0,0,0,8829,147,0,0,0,1260,6957,0,0,139
2026-08-25,1,32,0,0,0,25,2,1,1,0,0,45631,1436,69,29,0,1124,44042,0,0,480
2026-08-26,1,66,0,0,0,30,2,2,1,0,0,52922,1296,268,118,0,2071,50137,0,0,334
2026-08-27,0,1,0,0,0,0,0,0,0,1,0,0,0,0,0,12,0,0,0,0,0
2026-08-28,1,7,0,0,0,33,2,0,0,1,0,57225,237,0,0,17,1225,55284,0,0,228
2026-08-29,1,35,0,0,0,36,1,0,1,1,0,46544,410,0,34,14,1418,44704,0,0,402
2026-08-30,2,32,0,0,1,58,3,0,1,0,580,53616,782,0,60,0,2016,50466,0,0,774
