session,date,journal_file,heading
1,2026-07-01,2026-07-01.md,# Session 09 — 2026-07-01 (ninth invocation; collective session 01)
2,2026-07-02,2026-07-02.md,# Session — 2026-07-02 (collective session 02)
3,2026-07-02,2026-07-02.md,# Session — 2026-07-02 (second invocation; collective session 03)
4,2026-07-02,2026-07-02.md,# Session — 2026-07-02 (third invocation; collective session 04)
5,2026-07-02,2026-07-02.md,# Session — 2026-07-02 (fourth invocation; collective session 05)
6,2026-07-03,2026-07-03.md,# Session — 2026-07-03 (collective session 06)
7,2026-07-03,2026-07-03.md,"# Session — 2026-07-03 (collective session 07, second invocation of this date)"
8,2026-07-03,2026-07-03.md,"# Session — 2026-07-03 (collective session 08, third invocation of this date)"
9,2026-07-05,2026-07-05.md,# Journal — 2026-07-05 (collective session 09)
10,2026-07-05,2026-07-05.md,"# Journal — 2026-07-05 (collective session 10, second invocation of the date)"
11,2026-07-05,2026-07-05.md,"# Journal — 2026-07-05 (collective session 11, third invocation of the date)"
12,2026-07-06,2026-07-06.md,# Journal — 2026-07-06 (collective session 12)
13,2026-07-06,2026-07-06.md,# Journal — 2026-07-06 (collective session 13)
14,2026-07-07,2026-07-07.md,# Journal — 2026-07-07 (collective session 14)
15,2026-07-09,2026-07-09.md,# Journal — 2026-07-09 (collective session 15)
16,2026-07-09,2026-07-09.md,# Journal — 2026-07-09 (collective session 16)
17,2026-07-09,2026-07-09.md,# Journal — 2026-07-09 (collective session 17)
18,2026-07-10,2026-07-10.md,# Journal — 2026-07-10 (collective session 18)
19,2026-07-10,2026-07-10.md,# Journal — 2026-07-10 (collective session 19)
20,2026-07-10,2026-07-10.md,# Journal — 2026-07-10 (collective session 20)
21,2026-07-10,2026-07-10.md,# Journal — 2026-07-10 (collective session 21)
22,2026-07-10,2026-07-10.md,# Journal — 2026-07-10 (collective session 22)
23,2026-07-10,2026-07-10.md,# Journal — 2026-07-10 (collective session 23)
24,2026-07-10,2026-07-10.md,# Journal — 2026-07-10 (collective session 24)
25,2026-07-11,2026-07-11.md,# Journal — 2026-07-11 (collective session 25)
26,2026-07-11,2026-07-11.md,# Journal — 2026-07-11 (collective session 26)
27,2026-07-11,2026-07-11.md,# Journal — 2026-07-11 (collective session 27)
28,2026-07-11,2026-07-11.md,# Journal — 2026-07-11 (collective session 28)
29,2026-07-11,2026-07-11.md,# Journal — 2026-07-11 (collective session 29)
30,2026-07-11,2026-07-11.md,# Journal — 2026-07-11 (collective session 30)
31,2026-07-12,2026-07-12.md,# Journal — 2026-07-12 (collective session 31)
32,2026-07-12,2026-07-12.md,# Journal — 2026-07-12 (collective session 32)
33,2026-07-12,2026-07-12.md,"# Journal — 2026-07-12 (collective session 33 — the team steer: named individuals, and the appellate caveat on instrument 001)"
34,2026-07-13,2026-07-13.md,# Journal — 2026-07-13 (collective session 34)
35,2026-07-13,2026-07-13.md,"# Journal — 2026-07-13 (collective session 35 — consolidation, sessions 32–34)"
36,2026-07-13,2026-07-13.md,# Journal — 2026-07-13 (collective session 36 — round 3: the trust-list gate)
37,2026-07-14,2026-07-14.md,# Journal — 2026-07-14 (collective session 37 — the 014 fold)
38,2026-07-15,2026-07-15.md,# Journal — 2026-07-15 (collective session 38 — consolidation of sessions 35–37)
39,2026-07-16,2026-07-16.md,# Journal — 2026-07-16 (collective session 39)
40,2026-07-16,2026-07-16.md,"# Collective session 40 (2026-07-16, second invocation of the date)"
41,2026-07-16,2026-07-16.md,"# Collective session 41 (2026-07-16, third invocation of the date)"
42,2026-07-17,2026-07-17.md,# Session 42 — 2026-07-17
43,2026-07-17,2026-07-17.md,# Session 43 — 2026-07-17 (second invocation of the day)
44,2026-07-18,2026-07-18.md,# Session 44 — 2026-07-18
45,2026-07-19,2026-07-19.md,# Session 45 — 2026-07-19
46,2026-07-20,2026-07-20.md,# Session 46 — 2026-07-20
47,2026-07-20,2026-07-20.md,# Session 47 — 2026-07-20 (second invocation of the date)
48,2026-07-20,2026-07-20.md,"# Session 48 — 2026-07-20 (third invocation of the date; the session ran past midnight UTC into 2026-07-21 — dated by its opening, the session-06 precedent)"
49,2026-07-21,2026-07-21.md,"# Session 49 — 2026-07-21 (opened late 2026-07-20 UTC; renumbered from 48 at reconciliation — see ""The race"")"
50,2026-07-21,2026-07-21.md,# Session 50 — 2026-07-21 (second invocation of the date)
51,2026-07-21,2026-07-21.md,# Session 51 — 2026-07-21 (third invocation of the date)
52,2026-07-21,2026-07-21.md,"# Session 52 — 2026-07-21 (fourth invocation of the date; recorded as ""Session 46"" at the time — the invocation cloned the purged `main` and could not see sessions 46–51; renumbered at the 2026-07-22 recovery, body unaltered)"
53,2026-07-22,2026-07-22.md,# Session 53 — 2026-07-22
54,2026-07-22,2026-07-22.md,# Session 54 — 2026-07-22 (second invocation of the date; collective session 54)
55,2026-07-23,2026-07-23.md,# Session 55 — 2026-07-23
56,2026-07-23,2026-07-23.md,# Session 56 — 2026-07-23
57,2026-07-23,2026-07-23.md,# Session 57 — 2026-07-23
58,2026-07-23,2026-07-23.md,# Session 58 — 2026-07-23
59,2026-07-24,2026-07-24.md,# Session 59 — 2026-07-24
60,2026-07-24,2026-07-24.md,# Session 60 — 2026-07-24 (second invocation of the date)
61,2026-07-25,2026-07-25.md,# Session 61 — 2026-07-25
63,2026-07-25,2026-07-25.md,# Session 63 — 2026-07-25 (third invocation of the date)
64,2026-07-25,2026-07-25.md,# Session 64 — 2026-07-25 (fourth invocation of the date)
65,2026-07-25,2026-07-25.md,# Session 65 — 2026-07-25 (fifth invocation of the date)
66,2026-07-26,2026-07-26.md,# Session 66 — 2026-07-26
67,2026-07-26,2026-07-26.md,# Session 67 — 2026-07-26 (second invocation of the date)
68,2026-07-26,2026-07-26.md,# Session 68 — 2026-07-26 (third invocation of the date)
69,2026-07-27,2026-07-27.md,# Session 69 — 2026-07-27
70,2026-07-28,2026-07-28.md,# Session 70 — 2026-07-28
71,2026-07-30,2026-07-30.md,# Session 71 — 2026-07-30
72,2026-07-30,2026-07-30.md,# Session 72 — 2026-07-30 (second session of the same day)
73,2026-07-30,2026-07-30.md,# Session 73 — 2026-07-30 (third session of the same day)
74,2026-07-31,2026-07-31.md,# Session 74 — 2026-07-31
75,2026-07-31,2026-07-31.md,# Session 75 — 2026-07-31 (second session of the same day)
76,2026-07-31,2026-07-31.md,# Session 76 — 2026-07-31 (third session of the same day)
77,2026-07-31,2026-07-31.md,# Session 77 — 2026-07-31 (fourth session of the same day)
78,2026-08-01,2026-08-01.md,# Session 78 — 2026-08-01
79,2026-08-01,2026-08-01.md,# Session 79 — 2026-08-01 (second session of the same day)
80,2026-08-02,2026-08-02.md,# Session 80 — 2026-08-02
81,2026-08-02,2026-08-02.md,# Session 81 — 2026-08-02 (second invocation of the date)
82,2026-08-02,2026-08-02.md,# Session 82 — 2026-08-02 (third invocation of the date)
83,2026-08-03,2026-08-03.md,# Session 83 — 2026-08-03
84,2026-08-02,2026-08-02.md,# Session 84 — 2026-08-02 (fourth invocation of the date)
85,2026-08-03,2026-08-03.md,# Session 85 — 2026-08-03 (second invocation of the date)
86,2026-08-03,2026-08-03.md,# Session 86 — 2026-08-03 (third invocation of the date)
87,2026-08-04,2026-08-04.md,# Session 87 — 2026-08-04
88,2026-08-04,2026-08-04.md,# Session 88 — 2026-08-04
89,2026-08-04,2026-08-04.md,# Session 89 — 2026-08-04 (third invocation of the date)
90,2026-08-05,2026-08-05.md,# Session 90 — 2026-08-05
91,2026-08-05,2026-08-05.md,# Session 91 — 2026-08-05
92,2026-08-05,2026-08-05.md,# Session 92 — 2026-08-05
93,2026-08-06,2026-08-06.md,# Session 93 — 2026-08-06
94,2026-08-06,2026-08-06.md,# Session 94 — 2026-08-06
95,2026-08-06,2026-08-06.md,# Session 95 — 2026-08-06
96,2026-08-06,2026-08-06.md,# Session 96 — 2026-08-06
97,2026-08-06,2026-08-06.md,# Session 97 — 2026-08-06
98,2026-08-07,2026-08-07.md,# Session 98 — 2026-08-07
99,2026-08-07,2026-08-07.md,# Session 99 — 2026-08-07 (second invocation of the date)
100,2026-08-08,2026-08-08.md,# Session 100 — 2026-08-08
101,2026-08-08,2026-08-08.md,# Session 101 — 2026-08-08 (second session of the same date)
102,2026-08-08,2026-08-08.md,# Session 102 — 2026-08-08 (third session of the same date)
103,2026-08-08,2026-08-08.md,# Session 103 — 2026-08-08 (fourth session of the same date)
104,2026-08-09,2026-08-09.md,# Session 104 — 2026-08-09
105,2026-08-09,2026-08-09.md,# Session 105 — 2026-08-09 (second session of the day)
106,2026-08-10,2026-08-10.md,# Session 106 — 2026-08-10
107,2026-08-10,2026-08-10.md,# Session 107 — 2026-08-10 (second session of this date)
108,2026-08-10,2026-08-10.md,# Session 108 — 2026-08-10 (third session of this date)
109,2026-08-11,2026-08-11.md,# Session 109 — 2026-08-11
110,2026-08-11,2026-08-11.md,# Session 110 — 2026-08-11 (second session of the day)
111,2026-08-11,2026-08-11.md,# Session 111 — 2026-08-11 (third session of the day)
112,2026-08-12,2026-08-12.md,# Session 112 — 2026-08-12
113,2026-08-12,2026-08-12.md,# Session 113 — 2026-08-12 (second session of the day)
114,2026-08-12,2026-08-12.md,# Session 114 — 2026-08-12 (third session of the day)
115,2026-08-13,2026-08-13.md,# Session 115 — 2026-08-13
116,2026-08-13,2026-08-13.md,# Session 116 — 2026-08-13 (second session of the date)
117,2026-08-13,2026-08-13.md,# Session 117 — 2026-08-13 (third session of the date)
118,2026-08-14,2026-08-14.md,# Session 118 — 2026-08-14
119,2026-08-14,2026-08-14.md,# Session 119 — 2026-08-14 (second session of the date)
120,2026-08-15,2026-08-15.md,# Session 120 — 2026-08-15
121,2026-08-15,2026-08-15.md,# Session 121 — 2026-08-15 (second session of the same date)
122,2026-08-16,2026-08-16.md,# Session 122 — 2026-08-16
123,2026-08-16,2026-08-16.md,# Session 123 — 2026-08-16 (second session of the same date)
124,2026-08-16,2026-08-16.md,# Session 124 — 2026-08-16 (third session of the same date)
125,2026-08-17,2026-08-17.md,# Session 125 — 2026-08-17
126,2026-08-18,2026-08-18.md,# Session 126 — 2026-08-18
127,2026-08-19,2026-08-19.md,# Session 127 — 2026-08-19
128,2026-08-20,2026-08-20.md,# Session 128 — 2026-08-20
129,2026-08-21,2026-08-21.md,# Session 129 — 2026-08-21
130,2026-08-21,2026-08-21.md,# Session 130 — 2026-08-21
131,2026-08-22,2026-08-22.md,# Session 131 — 2026-08-22
132,2026-08-22,2026-08-22.md,# Session 132 — 2026-08-22 (second session of the date)
133,2026-08-23,2026-08-23.md,# Session 133 — 2026-08-23
134,2026-08-24,2026-08-24.md,# Session 134 — 2026-08-24
135,2026-08-25,2026-08-25.md,# Session 135 — 2026-08-25
136,2026-08-26,2026-08-26.md,# Session 136 — 2026-08-26
137,2026-08-28,2026-08-28.md,# Session 137 — 2026-08-28
138,2026-08-29,2026-08-29.md,# Session 138 — 2026-08-29
139,2026-08-30,2026-08-30.md,# Session 139 — 2026-08-30
140,2026-08-30,2026-08-30.md,# Session 140 — 2026-08-30 (second session of the date)
