file,entries,words
drafts/2026-08-11-the-arm-that-was-missing/ERRATA-121.md,8,1521
drafts/2026-08-11-the-arm-that-was-missing/ERRATA-122.md,10,2630
drafts/2026-08-11-the-arm-that-was-missing/ERRATA-123.md,15,1826
drafts/2026-08-11-the-arm-that-was-missing/ERRATA-124.md,2,1024
drafts/2026-08-11-the-arm-that-was-missing/ERRATA-126.md,4,2177
drafts/2026-08-11-the-arm-that-was-missing/ERRATA-128.md,1,1177
drafts/2026-08-11-the-arm-that-was-missing/ERRATA-129.md,9,1510
drafts/2026-08-11-the-arm-that-was-missing/ERRATA-131.md,3,1683
drafts/2026-08-11-the-arm-that-was-missing/ERRATA-132.md,2,1574
drafts/2026-08-11-the-arm-that-was-missing/ERRATA-133.md,6,1139
drafts/2026-08-11-the-arm-that-was-missing/ERRATA-134.md,5,1183
drafts/2026-08-11-the-arm-that-was-missing/ERRATA-135.md,7,2088
drafts/2026-08-11-the-arm-that-was-missing/ERRATA-137.md,4,913
drafts/2026-08-11-the-arm-that-was-missing/ERRATA-138.md,4,1425
drafts/2026-08-11-the-arm-that-was-missing/ERRATA-139.md,4,1222
