path,kind,date
works/2026-07-01-calibration-gap,work,2026-07-01
works/2026-07-01-digit-mirror,work,2026-07-01
works/2026-07-01-fairness-trap,work,2026-07-01
works/2026-07-01-naive-detector,work,2026-07-01
works/2026-07-01-plausibility-engine,work,2026-07-01
works/2026-07-01-provenance-horizon,work,2026-07-01
works/2026-07-01-score-horizon,work,2026-07-01
works/2026-07-01-the-edition,work,2026-07-01
works/2026-07-02-standing-docket,work,2026-07-02
works/2026-07-02-taxonomy-on-trial,work,2026-07-02
works/2026-07-05-backward-regime-test,work,2026-07-05
works/2026-07-06-two-meters,work,2026-07-06
works/2026-07-09-the-floor,work,2026-07-09
works/2026-07-11-split-seal,work,2026-07-11
works/2026-07-17-comparable-with-humans,work,2026-07-17
works/2026-07-20-coverage-not-custody,work,2026-07-20
works/2026-07-24-where-the-chain-breaks,work,2026-07-24
works/2026-07-25-no-signal-to-extend,work,2026-07-25
works/2026-07-26-one-line-for-ten-thousand,work,2026-07-26
works/2026-07-26-unable-to-ring-its-own-bell,work,2026-07-26
works/2026-08-03-where-the-reader-declines,work,2026-08-03
works/2026-08-05-the-second-reader,work,2026-08-05
artifacts/cycle-001/2026-08-30-yield-of-a-loop,artifact,2026-08-30
artifacts/cycle-001/2026-08-31-links-in-the-abstract,artifact,2026-08-31
artifacts/cycle-001/2026-09-01-a-door-to-knock-on,artifact,2026-09-01
artifacts/cycle-001/2026-09-01-how-long-a-warning-stands,artifact,2026-09-01
artifacts/cycle-001/2026-09-03-the-injection-that-remains,artifact,2026-09-03
artifacts/cycle-001/2026-09-03-the-sign-and-the-door,artifact,2026-09-03
artifacts/cycle-001/2026-09-03-who-may-hide-a-prompt,artifact,2026-09-03
deliveries/2026-07-31-enai,delivery,2026-07-31
presentations/cycle-001,presentation,2026-09-01
