unit_id,stratum,code,register_label_wrong,arm_pattern,status_bare,status_urllib,status_named,recorded_status,request_host,resolved_host,resolved_host_robots,robots_blocked,challenge_seen,www_authenticate,url
H:api-eia-gov,H,refuses-all,False,all-agree,403,403,403,403,api.eia.gov,api.eia.gov,no-robots-served,False,False,False,https://api.eia.gov/v2/petroleum/pri/spt/data/
H:api-tavily-com,H,refuses-all,False,all-agree,401,401,401,401,api.tavily.com,api.tavily.com,no-robots-served,False,False,False,https://api.tavily.com/extract
H:datacenters-microsoft-com,H,client-string,True,named-apart,403,403,200,403,datacenters.microsoft.com,datacenters.microsoft.com,allowed,False,True,False,https://datacenters.microsoft.com/sustainability/efficiency/
H:en-wikipedia-org,H,policy-published,False,not-probed,,,,403,en.wikipedia.org,,allowed,True,False,False,https://en.wikipedia.org/w/api.php
H:gateway-api-globalfishingwatch-org,H,refuses-all,False,urllib-apart,401,403,401,401,gateway.api.globalfishingwatch.org,gateway.api.globalfishingwatch.org,no-robots-served,False,False,False,https://gateway.api.globalfishingwatch.org/v3/events
H:query-wikidata-org,H,policy-published,False,not-probed,,,,403,query.wikidata.org,,disallowed,True,False,False,https://query.wikidata.org/sparql
H:wikimedia-org,H,client-string,True,named-apart,403,403,200,403,wikimedia.org,wikimedia.org,no-robots-served,False,False,False,https://wikimedia.org/api/rest_v1/
H:www-fema-gov,H,refuses-all,False,all-agree,403,403,403,403,www.fema.gov,www.fema.gov,no-robots-served,False,True,False,https://www.fema.gov/about/openfema/api
H:www-iea-org,H,refuses-all,False,all-agree,403,403,403,403,www.iea.org,www.iea.org,no-robots-served,False,True,False,https://www.iea.org/reports/net-zero-by-2050
H:www-reddit-com,H,policy-published,False,not-probed,,,,403,www.reddit.com,,disallowed,True,False,False,https://www.reddit.com/r/popular/
H:www-state-gov,H,refuses-all,False,all-agree,403,403,403,403,www.state.gov,www.state.gov,no-robots-served,False,False,False,https://www.state.gov/policy-issues/climate-and-environment/
H:www-unhcr-org,H,refuses-all,False,all-agree,403,403,403,403,www.unhcr.org,www.unhcr.org,allowed,False,False,False,https://www.unhcr.org/global-trends
H:www-wikidata-org,H,client-string,True,named-apart,403,403,200,403,www.wikidata.org,www.wikidata.org,allowed,False,False,False,https://www.wikidata.org/
L1:adriano-angelucci-on-justifying-case-verdicts-a-dialectical-hypothesis,L1,refuses-all,False,all-agree,403,403,403,403,doi.org,www.tandfonline.com,allowed,False,True,False,https://doi.org/10.1080/0020174x.2022.2092905
L1:alan-agresti-other-ordinal-multinomial-response-models,L1,refuses-all,False,all-agree,403,403,403,403,doi.org,onlinelibrary.wiley.com,allowed,False,True,False,https://doi.org/10.1002/9780470594001.ch5
L1:alexandra-baumann-where-have-all-the-working-papers-gone-evidence-from-four-majo,L1,refuses-all,False,all-agree,403,403,403,403,doi.org,www.ssrn.com,no-robots-served,False,True,False,https://doi.org/10.2139/ssrn.3618853
L1:antonio-somaini-latent-spaces-ai-art-and-the-archive,L1,refuses-all,False,all-agree,403,403,403,403,doi.org,direct.mit.edu,allowed,False,True,False,https://doi.org/10.1162/octo.a.545
L1:bojana-m-zlatkovic-one-way-for-the-probability-of-stability-estimation-of-discre,L1,refuses-all,False,all-agree,403,403,403,403,doi.org,academic.oup.com,allowed,False,True,False,https://doi.org/10.1093/imamci/dnr041
L1:charles-f-rocca-test-ranks-of-finitely-generated-abelian-groups,L1,client-string,False,named-apart,403,403,200,403,doi.org,www.ams.org,allowed,False,True,False,https://doi.org/10.1090/conm/296/05075
L1:craig-batty-research-practice-knowledge-introducing-the-creative-knowledges-enab,L1,refuses-all,False,all-agree,403,403,403,403,doi.org,www.tandfonline.com,allowed,False,True,False,https://doi.org/10.1080/25741136.2024.2384686
L1:d-h-rogstad-arraying-combinations-and-comparisons,L1,refuses-all,False,all-agree,403,403,403,403,doi.org,onlinelibrary.wiley.com,allowed,False,True,False,https://doi.org/10.1002/047172131x.ch7
L1:edward-e-cureton-rank-biserial-correlation-when-ties-are-present,L1,refuses-all,False,all-agree,403,403,403,403,doi.org,journals.sagepub.com,allowed,False,True,False,https://doi.org/10.1177/001316446802800107
L1:ephrem-tora-bacterial-profile-of-bovine-mastitis-in-ethiopia-a-systematic-review,L1,refuses-all,False,all-agree,403,403,403,403,doi.org,peerj.com,allowed,False,True,False,https://doi.org/10.7717/peerj.13253
L1:jack-quach-frailty-index-deficit-interchangeability-an-empirical-test-using-rand,L1,refuses-all,False,all-agree,403,403,403,403,doi.org,academic.oup.com,allowed,False,True,False,https://doi.org/10.1093/ageing/afag262
L1:john-macfarlane-truth-in-the-garden-of-forking-paths,L1,refuses-all,False,all-agree,403,403,403,403,doi.org,academic.oup.com,allowed,False,True,False,https://doi.org/10.1093/acprof:oso/9780199234950.003.0004
L1:kinga-lichtarska-two-cases-of-intentional-sodium-nitrite-poisoning-with-contrast,L1,refuses-all,False,all-agree,403,403,403,403,doi.org,www.cureus.com,allowed,False,True,False,https://doi.org/10.7759/cureus.113663
L1:magdalena-bofill-rodriguez-long-term-hormone-therapy-for-perimenopausal-and-post,L1,open,False,all-agree,203,203,203,403,pubmed.ncbi.nlm.nih.gov,pubmed.ncbi.nlm.nih.gov,allowed,False,False,False,https://pubmed.ncbi.nlm.nih.gov/42695385/
L1:nathan-halko-finding-structure-with-randomness-probabilistic-algorithms-for-cons,L1,refuses-all,False,all-agree,403,403,403,403,doi.org,epubs.siam.org,allowed,False,True,False,https://doi.org/10.1137/090771806
L1:oecd-below-threshold-contracts,L1,refuses-all,False,all-agree,403,403,403,403,doi.org,www.sigmaweb.org,no-robots-served,False,True,False,https://doi.org/10.1787/5js4vmp1xxd3-en
L1:r-lindsey-bergman-sessions-11-14-intermediate-exposure-sessions,L1,refuses-all,False,all-agree,403,403,403,403,doi.org,academic.oup.com,allowed,False,True,False,https://doi.org/10.1093/med:psych/9780195391527.003.0008
L1:sheila-templado-frequency-following-responses-for-objective-neurophysiological-m,L1,refuses-all,False,all-agree,403,403,403,403,doi.org,www.mdpi.com,no-robots-served,False,True,False,https://doi.org/10.3390/children13081116
L1:sindy-angjaya-business-combinations-business-combination-objectives,L1,refuses-all,False,all-agree,403,403,403,403,doi.org,www.ssrn.com,no-robots-served,False,True,False,https://doi.org/10.2139/ssrn.4345956
L1:sreejata-bandopadhyay-effects-of-biodegradable-plastic-film-mulching-on-soil-mic,L1,refuses-all,False,all-agree,403,403,403,403,doi.org,peerj.com,allowed,False,True,False,https://doi.org/10.7717/peerj.9015
L1:susumu-kunisawa-postoperative-mortality-analysis-of-national-japanese-diagnosis-,L1,refuses-all,False,all-agree,403,403,403,403,doi.org,medrxiv.org,no-robots-served,False,True,False,https://doi.org/10.1101/2022.09.09.22279570
L1:unbekannt-documents-before-the-committee-at-its-thirty-seventh-thirty-eighth-and,L1,refuses-all,False,all-agree,403,403,403,403,doi.org,www.un-ilibrary.org,allowed,False,True,False,https://doi.org/10.18356/9789210606813c033
L1:xiaohong-liang-mri-signs-for-the-preoperative-diagnosis-of-intracranial-solitary,L1,refuses-all,False,all-agree,403,403,403,403,doi.org,onlinelibrary.wiley.com,allowed,False,True,False,https://doi.org/10.1002/jmri.70531
L1:yula-salifu-family-structure-and-peer-influences-as-correlates-of-lifetime-smoke,L1,refuses-all,False,all-agree,403,403,403,403,doi.org,journals.sagepub.com,allowed,False,True,False,https://doi.org/10.1177/1179173x261478963
L2:anna-maria-lombardi-a-normalized-distance-test-for-co-determining-the-completene,L2,refuses-all,False,all-agree,403,403,403,403,doi.org,agupubs.onlinelibrary.wiley.com,allowed,False,True,False,https://doi.org/10.1029/2020jb021242
L2:m-c-ockenden-reduced-nutrient-pollution-in-a-rural-stream-following-septic-tank-,L2,refuses-all,False,all-agree,403,403,403,403,doi.org,pubs.rsc.org,allowed,False,True,False,https://doi.org/10.1039/c3em00681f
L2:guilherme-pimenta-roncete-usability-evaluation-of-ezlist-a-digital-platform-for-,L2,refuses-all,False,all-agree,403,403,403,403,pmc.ncbi.nlm.nih.gov,pmc.ncbi.nlm.nih.gov,allowed,False,False,False,https://pmc.ncbi.nlm.nih.gov/articles/PMC13286103/
L2:abdurakhman-muhamedov-convergence-test-statistic-of-kernel-estimators-of-a-densi,L2,refuses-all,False,all-agree,403,403,403,403,dx.doi.org,pubs.aip.org,allowed,False,True,False,http://dx.doi.org/10.1063/5.0201723
L2:mohamad-bydon-spinal-decompression-in-achondroplastic-patients-using-high-speed-,L2,refuses-all,False,all-agree,403,403,403,403,doi.org,journals.lww.com,no-robots-served,False,True,False,https://doi.org/10.1097/bpo.0000000000000211
L2:l-gammaitoni-stochastic-resonance,L2,refuses-all,False,all-agree,403,403,403,403,doi.org,link.aps.org,allowed,False,True,False,https://doi.org/10.1103/revmodphys.70.223
L2:angus-g-butchart-paramedic-laryngoscopy-in-the-simulated-difficult-airway-compar,L2,refuses-all,False,all-agree,403,403,403,403,doi.org,onlinelibrary.wiley.com,allowed,False,True,False,https://doi.org/10.1111/j.1553-2712.2011.01115.x
L2:nicholas-ravanelli-a-retrospective-analysis-to-determine-if-exercise-training-in,L2,refuses-all,False,all-agree,403,403,403,403,doi.org,physoc.onlinelibrary.wiley.com,allowed,False,True,False,https://doi.org/10.1113/ep088385
L2:john-o-stoner-limitless-numbers-of-multiple-choice-problems,L2,refuses-all,False,all-agree,403,403,403,403,doi.org,pubs.aip.org,allowed,False,True,False,https://doi.org/10.1119/1.14698
L2:john-j-sloggett-comment-on-invasive-harlequin-ladybird-carries-biological-weapon,L2,refuses-all,False,all-agree,403,403,403,403,doi.org,www.science.org,allowed,False,True,False,https://doi.org/10.1126/science.1241827
L2:preeti-garai-l2-lactamase-contributes-to-ceftolozane-tazobactam-resistance-in-ps,L2,refuses-all,False,all-agree,403,403,403,403,doi.org,journals.asm.org,allowed,False,True,False,https://doi.org/10.1128/aac.00356-26
L2:amirhossein-ghaseminejad-raeini-prospective-evaluation-of-real-world-safety-symp,L2,refuses-all,False,all-agree,403,403,403,403,doi.org,bmjopen.bmj.com,no-robots-served,False,False,False,https://doi.org/10.1136/bmjopen-2026-124273
L2:cheng-william-hong-a-multicenter-assessment-of-interreader-reliability-of-li-rad,L2,client-string,False,urllib-apart,403,202,403,403,escholarship.org,escholarship.org,no-robots-served,False,False,False,https://escholarship.org/uc/item/5m82d1dg
L2:unbekannt-mental-health-in-appalachia-problems-and-prospects-in-the-central-high,L2,refuses-all,False,all-agree,403,403,403,403,doi.org,psychiatryonline.org,allowed,False,True,False,https://doi.org/10.1176/ps.17.7.220-a
L2:zhiwei-ang-lymphoma-immunotherapy-the-garden-of-forking-paths,L2,refuses-all,False,all-agree,403,403,403,403,doi.org,ashpublications.org,allowed,False,True,False,https://doi.org/10.1182/blood.2023023202
L2:roselle-kurland-education-for-the-group-worker-s-reality-the-special-qualities-a,L2,refuses-all,False,all-agree,403,403,403,403,doi.org,www.tandfonline.com,allowed,False,True,False,https://doi.org/10.1300/j009v29n02_06
L2:n-raddatz-measurement-of-muon-neutrino-disappearance-with-non-fiducial-interacti,L2,refuses-all,False,all-agree,403,403,403,403,doi.org,lss.fnal.gov,no-robots-served,False,True,False,https://doi.org/10.2172/1253594
L2:yi-lun-tsai-correspondence-and-address-reprint-request-to-yi-lun-tsai,L2,refuses-all,False,all-agree,403,403,403,403,doi.org,www.authorea.com,allowed,False,True,False,https://doi.org/10.22541/au.167347082.22706730/v1
L2:peter-j-hutchinson-decompressive-craniectomy-versus-craniotomy-for-patients-unde,L2,refuses-all,False,all-agree,403,403,403,403,doi.org,www.journalslibrary.nihr.ac.uk,no-robots-served,False,False,False,https://doi.org/10.3310/gjph0512
L2:david-card-the-effect-of-unions-on-the-distribution-of-wages-redistribution-or-r,L2,open,False,all-agree,200,200,200,403,doi.org,www.nber.org,allowed,False,False,False,https://doi.org/10.3386/w4195
L2:paul-christopher-pereira-text-mining-maintenance-records-to-automate-the-identif,L2,refuses-all,False,all-agree,403,403,403,403,doi.org,onepetro.org,allowed,False,True,False,https://doi.org/10.4043/30737-ms
L2:jose-moral-de-la-rubia-note-on-rank-biserial-correlation-when-there-are-ties,L2,other,False,urllib-apart,403,,403,403,doi.org,www.scirp.org,allowed,False,False,False,https://doi.org/10.4236/ojs.2022.125036
L2:paul-a-baran-remarks-on-the-question-of-privacy-raised-by-the-automation-of-ment,L2,refuses-all,False,all-agree,403,403,403,403,doi.org,www.rand.org,no-robots-served,False,False,False,https://doi.org/10.7249/p3523
L2:liz-halcombs-using-technology-in-research,L2,refuses-all,False,all-agree,403,403,403,403,doi.org,journals.rcni.com,no-robots-served,False,True,False,https://doi.org/10.7748/nr.25.1.6.s2
C:unbekannt-defining-the-observed-significance-level-of-a-test-a-simple-example-us,C,open,False,all-agree,200,200,200,200,doi.org,link.springer.com,allowed,False,False,False,https://doi.org/10.1007/978-0-387-34113-2_7
C:thomas-t-samaras-height-body-size-and-longevity-is-smaller-better-for-the-human-,C,open,False,all-agree,200,200,200,200,www.ncbi.nlm.nih.gov,pmc.ncbi.nlm.nih.gov,allowed,False,False,False,https://www.ncbi.nlm.nih.gov/pmc/articles/1071721
C:unbekannt-list-of-illustrations,C,open,False,all-agree,200,200,200,200,doi.org,chooser.crossref.org,no-robots-served,False,False,False,https://doi.org/10.1515/9781800107588-001
C:katherine-severi-policy-actors-perceptions-of-conflicts-of-interest-and-alcohol-,C,client-string,False,urllib-apart,200,403,200,200,dx.doi.org,www.ijhpm.com,allowed,False,False,False,http://dx.doi.org/10.34172/ijhpm.2024.8068
C:bijan-davvaz-groups,C,open,False,all-agree,200,200,200,200,doi.org,link.springer.com,allowed,False,False,False,https://doi.org/10.1007/978-981-16-6365-9_3
C:rss-marketingtools-apple-com,C,open,False,all-agree,200,200,200,200,rss.marketingtools.apple.com,rss.marketingtools.apple.com,allowed,False,False,False,https://rss.marketingtools.apple.com/
C:api-coingecko-com,C,policy-published,False,not-probed,,,,200,api.coingecko.com,,disallowed,True,False,False,https://api.coingecko.com/api/v3/search/trending
C:bsky-app,C,open,False,all-agree,200,200,200,200,bsky.app,bsky.app,allowed,False,False,False,https://bsky.app
