# Blind recoding, session 190, written before the Atelier's labels were joined. Decision made while coding, before unblinding: a rule given only by reference to another market inherits that market's class.
id	field_class	note
Mcsc4k1zEv2flubGVvR5	norule	
OIEDsImNtQcDo4Q56HgQ	unnamed	
hOlVgBSJVaBo69OBuUbA	unnamed	
Dgb0X38xF44TMcsUjgOU	norule	
JxG9JrW524awsHMm4fa4	unnamed	
28PoDmUrYfd2LXu88u5w	unnamed	
GtgvQ3aCW9URt6QUDNL2	unnamed	
4nRk5v2TZbhDxDgYqGfD	unnamed	
yWaLKJoL391MwyUvWRii	norule	
4daQpzw6B6Q4dwFDi96y	machine	void declared
2bdobvLrfDIiFNiQB0Ds	unnamed	
sAb4iNjQG102aW9SzeSH	unnamed	
YMzwLCjaPKuS866uokEs	unnamed	
8KYvQOQMawVikl7Xm8a5	unnamed	
n2nxULWSvq5QoSjaoUai	unnamed	
x80fNXpzXabEzVvz3Yoz	unnamed	
INdVRRdp08Nh8oaZNJlS	unnamed	
CSNobqWEv7iuKhJntAEz	unnamed	
yhzkFO9m3TlNSrSGtTng	unnamed	
pCpGDhm8F9rrmte1hM7R	unnamed	
u3HpdlsJ1EkAayqCDtCL	unnamed	
6worzd97r3	threshold	
NXgARdD3G9DlGhXzP4K4	unnamed	
BhKYpwF3i3HQR8oBGrkP	unnamed	
OYYWyf4i86yyICsOYhiG	machine	void declared
JCPihKZBL587ssrUzeAE	unnamed	
NQb0fMOS9vGUi8z3aMHi	unnamed	
JRPIRRfzcNUOOyNY74zf	unnamed	
kblxaI9zP95U5lzbReaz	unnamed	
axwg7y0dOkNFNiosLbh3	machine	void declared; text says 2030, title 2026
aeyDLmTSug0ZidkUelFK	unnamed	
RlGroTnJYkSvOM4QqVLy	unnamed	
ZZl1MOJyxlY919kB2fvm	norule	
HD4xS1cBv1ITNtl9SEzc	norule	
b0LA4NAabsuId5xHAW5D	norule	
bkf0u5WZxGghVz0FQtTj	norule	
tX13a8AhsXuxrDEpWanG	unnamed	
AILwnq4N1tQp5kHNSgBK	unnamed	
BKr7KGDSkT6U3dGlqxIk	machine	void declared
Ide0brMftTAknwNsOSJG	machine	by reference to BKr7 (resolve the same in all states)
KrygWJ6EmVct1tZXGgXF	unnamed	
Swud8FP0KzyzcCm1omWR	unnamed	
ok28bwmkfmUCxRNEq5tw	unnamed	
KTF2RkOxNLayixijFGAz	unnamed	
CImI7JWS3X6xQjJZPKKo	unnamed	
cvFAhAq2GaDDEYLaCKJT	machine	
2fTX4OadswNdugqgo8zP	machine	
yWsu9mQUzNnuXKQmWkZA	machine	
WjrvAvWfQMfZ8ygomWab	norule	
mZoOercJWPMFPM6XxKfI	machine	
Pbfcr93n0dVEHQWUn043	machine	
NxLWsWJvo1DCN6FtHZiP	machine	by reference to the 2100 market (mZoO), 50 years later
BmSlE6p5YlTavbXly9Ow	machine	by reference to the 2100 market (mZoO), 100 years later
CLA1XdzYkejRvBk8iqb5	norule	
rdv20xsfn7	norule	empty
n8atyid1bn	norule	empty
z7cimuxvf6	norule	empty
4jv1mv1ms6	norule	empty
k4bi0y60it	norule	empty
kt318ghk5n	norule	empty
ocgb080y89	norule	empty
mvhlaV1bm4BZ3ZqDy1uY	norule	
