keeper	entry	group
PH	1	G01
PH	2	G02
PH	3	G03
PH	4	G04
PH	5	G05
PH	6	G06
PH	7	G31
PH	8	G07
PH	9	G08
PH	10	G32
PH	11	G09
PH	12	G10
PH	13	G11
PH	14	G12
PH	15	G13
PH	16	G14
PH	17	G15
PH	18	G17
PH	19	G18
PH	20	G21
CH	1	G22
CH	1b	G33
CH	2	G09
CH	3	G04
CH	4	G12
CH	5	G16
CH	6	G17
CH	7	G18
CH	8	G19
CH	9	G20
CH	10	G34
CH	11	G21
CH	12	G29
CH	13	G30
FLI	1	G01
FLI	2	G23
FLI	3	G24
FLI	4	G02
FLI	5	G03
FLI	6	G05
FLI	7	G06
FLI	8	G04
FLI	9	G07
FLI	10	G08
FLI	11	G10
FLI	12	G11
FLI	13	G13
FLI	14	G14
FLI	15	G15
FLI	16	G35
FLI	17	G17
FLI	18	G26
FLI	19	G18
FLI	20	G19
FLI	21	G21
FLI	22	G28
FLI	23	G36
FLI	24	G22
FLI	25	G20
FLI	27	G37
FLI	29	G27
FLI	30	G38
FLI	31	G39
FLI	32	G25
WP	s1	G40
WP	s2	G41
WP	s3	G01
WP	s4	G42
WP	s5	G43
WP	s6	G06
WP	s7	G22
WP	s8	G08
WP	s9	G04
WP	s10a	G44
WP	s10b	G45
WP	s11	G46
WP	s12	G47
WP	s13a	G16
WP	s13b	G15
WP	s14	G20
WP	s15	G48
WP	s16	G49
WP	s17a	G29
WP	s17b	G30
WP	s17c	G50
WP	s17d	G51
WP	s18	G52
WP	s19	G53
WP	s20	G54
WP	s21	G55
WP	s22	G23
WP	s23	G24
WP	s24	G56
WP	s25	G02
WP	s26	G57
WP	s27	G58
WP	s28	G59
WP	s29	G13
WP	s30	G60
WP	s31	G61
WP	s32	G62
WP	s33	G25
WP	s34	G14
WP	s35	G17
WP	s36	G26
WP	s37	G27
WP	s38	G19
WP	s39	G63
WP	s40	G21
WP	s41	G28
