keeper	entry	label	date	occurrence	event
PH	1	Suez Crisis Coincidence	1956-11-05	NORAD receives four coincident reports (aircraft over Turkey, MiGs over Syria, bomber down, Soviet fleet) during Suez	E03
PH	2	BMEWS Communication Failure	1961-11-24	All links SAC HQ to NORAD and the three BMEWS sites fail through one relay station; SAC bombers alerted	E10
PH	3	B-52 Navigation Error	1962-08-23	Nuclear-armed B-52 on Chrome Dome strays 20 degrees north toward Wrangel Island	E11
PH	4	U2 Flights into Soviet Airspace	1962-10-26	U-2 strays over Chukotka on a polar route; MiGs scramble; nuclear-armed F-102As escort it to Alaska	E23
PH	5	A Soviet Satellite Explodes	1962-10-24	Soviet satellite explodes in parking orbit during the Cuban crisis, reportedly read as possible ICBM attack	E13
PH	6	Intruder in Duluth	1962-10-25	Guard at Duluth shoots at fence-climber (a bear); miswired alarm at Volk Field scrambles nuclear F-106As	E14
PH	7	ICBM Test Launch	1962-10-26	Scheduled Vandenberg ICBM test launch proceeds while others are fitted with warheads at DEFCON 3	E15
PH	8	Unannounced Titan Missile Launch	1962-10-26	Titan-II test launch from Florida alarms Moorestown radar, not notified in advance	E16
PH	9	Malstrom Air Force Base	1962-10-26	Minuteman-1 readied at Malmstrom with launch equipment and codes in the silo; single operator could launch	E17
PH	10	NATO Readiness	1962-10	NATO subordinate commanders order alerts in Germany, Italy, Turkey, UK despite Norstad not ordering one	E18
PH	11	British Alerts	1962-10-26	Bomber Command prolongs exercise and raises alert of British nuclear forces to 15-minute launch	E19
PH	12	Moorestown False Alarm	1962-10-28	Test tape plus satellite: Moorestown reports nuclear impact expected near Tampa	E20
PH	13	False Warning Due to Satellite	1962-10-28	New Laredo radar misidentifies satellite as two missiles over Georgia	E21
PH	14	The Penkovsky False Warning	1962-11-02	CIA receives Penkovsky's attack-imminent code signal after his arrest	E22
PH	15	Power Failure and Faulty Bomb Alarms	1965-11	During NE blackout two bomb alarms show red; Office of Emergency Planning on full alert	E30
PH	16	B-52 Crash near Thule	1968-01-21	Burning B-52 on airborne alert crashes near Thule; HE of weapons explodes	E35
PH	17	False Alarm During Middle East Crisis	1973-10-25	Klaxon repair at Kincheloe AFB triggers base alarm during DEFCON 3; B-52 crews start engines	E40
PH	18	Computer Exercise Tape	1979-11-09	Exercise tape shows full Soviet attack at four US command centres	E42
PH	19	Faulty Computer Chip	1980-06-03	Faulty chip makes warning displays show missiles; repeated three days later	E44
PH	20	Russian False Alarm	1995-01-25	Russian radar reads Norwegian research rocket as possible attack	E52
CH	1	Operation Anadyr (B-59)	1962-10-27	Soviet submarine B-59, depth-charged by US ships, captain orders nuclear torpedo readied; Arkhipov dissuades	E24
CH	1b	Operation Anadyr (B-130)	1962-10	Soviet submarine B-130 commander orders nuclear torpedoes readied under US bombardment	E25
CH	2	British nuclear forces during the Cuban missile crisis	1962-10-27	UK Bomber Command and Thor missiles at heightened readiness, alert raised by its commander	E19
CH	3	Black Saturday	1962-10-27	Maultsby's U-2 strays over Chukotka; MiGs scramble; F-102s armed with nuclear missiles sent to escort	E23
CH	4	Penkovsky false warning	1962-11-22	Penkovsky's pre-arranged attack warning signal received after his arrest	E22
CH	5	1973 Arab-Israeli war	1973-10	Israel readies nuclear-armed missiles and aircraft as Arab forces advance	E39
CH	6	NORAD: Exercise tape mistaken for reality	1979-11-09	Exercise scenario tape causes nuclear alert	E42
CH	7	NORAD: Faulty computer chip	1980-06-03	Faulty computer chip shows missile attack	E44
CH	8	Serpukhov-15	1983-09-25	Soviet satellite warning system reports US missile launches; Petrov judges it false	E46
CH	9	Able Archer-83	1983-11-07	Soviet misperception of NATO command-post exercise	E47
CH	10	Failed coup	1991-08-18	Soviet coup: Gorbachev loses control of nuclear briefcase	E49
CH	11	Black Brant scare	1995-01-25	Norwegian research rocket mistaken in Russia; Yeltsin's briefcase activated	E52
CH	12	Kargil crisis	1999-05	India-Pakistan Kargil conflict escalation	E60
CH	13	Kashmir standoff	2001-12	India-Pakistan standoff after parliament attack	E61
FLI	1	False Alarms during the Suez Crisis	1956-11-05	NORAD receives coincident reports during Suez (swans, escort, bomber, fleet)	E03
FLI	2	A Nuclear Attack? Or the Moon?	1960-10-05	Thule radar reads moonrise as Soviet missile launch	E07
FLI	3	H-bombs Dropped on North Carolina	1961-01-24	B-52 breaks up over Goldsboro; two nuclear bombs fall	E08
FLI	4	The Threat of False Coincidence	1961-11-24	SAC HQ loses links to NORAD and BMEWS sites	E10
FLI	5	US Bomber in Soviet No-Fly Zone	1962-08-23	Nuclear-armed B-52 navigation error toward Soviet interceptor range	E11
FLI	6	Soviet Satellite Explodes During Cuban Missile Crisis	1962-10-24	Soviet satellite explodes in orbit during the crisis	E13
FLI	7	Bear Triggers Nuclear Alarm	1962-10-25	Duluth guard shoots at intruder; alarm sounds across bases	E14
FLI	8	US F102A Fighters vs Soviet MIG interceptors	1962-10-26	U-2 strays into Soviet airspace; nuclear-armed F-102As escort it	E23
FLI	9	Unannounced ICBM Launch during Cuban Missile Crisis	1962-10-26	Titan-II launched from Florida; Moorestown radar not alerted	E16
FLI	10	Easy-access Codes	1962-10-26	Malmstrom Minuteman readied with skipped handover and safety checks	E17
FLI	11	Tampa is getting nuked	1962-10-28	Moorestown reports strike expected on Tampa	E20
FLI	12	Missiles over Georgia	1962-10-28	Laredo site reports two missiles over Georgia	E21
FLI	13	Power Failure Mistaken for Nuclear Blasts	1965-11-09	Bomb alarms show detonations during the blackout	E30
FLI	14	Hydrogen Bomb Shatters in Greenland	1968-01-21	B-52 fire and crash near Thule	E35
FLI	15	False Alarm During DEFCON 3	1973-10-24	Kincheloe AFB base alarm accidentally activated during DEFCON 3	E40
FLI	16	Presidential Depression	1974-08-01	Nixon depressed and drinking in last weeks; Schlesinger routes emergency orders	E41
FLI	17	Simulated Soviet Attack Mistaken for Real	1979-11-09	NORAD computers show large-scale Soviet attack (training scenario)	E42
FLI	18	Soviet Missile Headed Toward US?	1980-03-15	Soviet submarine exercise launches near Kurils; one trajectory appears aimed at US	E43
FLI	19	Faulty Chip Signals Soviet Attack	1980-06-03	Warning displays show missiles launched; faulty chip	E44
FLI	20	Soviet Union Detects Incoming Missiles	1983-09-26	Soviet early-warning satellite reports five US missiles	E46
FLI	21	Norwegian Rocket Mistaken for ICBM	1995-01-25	Russian radar detects Norwegian rocket resembling SLBM	E52
FLI	22	Six Mis-Routed Nukes	2007-08-29	Six nuclear cruise missiles loaded onto B-52 at Minot by mistake	E62
FLI	23	Lost Contact with 50 Missiles	2010-10-23	Warren AFB loses contact with 50 Minuteman III for an hour	E63
FLI	24	Soviet Sub Captain Decides to Fire Nuclear Torpedo	1962-10-27	B-59 cornered and depth-charged; captain decides to fire nuclear torpedo	E24
FLI	25	Soviets Misinterpret US Nuclear War Games	1983-11-02	Soviet reaction to NATO exercise (Able Archer)	E47
FLI	27	U2 Spy Plane Shot Down Over Cuba	1962-10-27	U-2 shot down over Cuba, a pre-agreed trigger for retaliation	E26
FLI	29	Silo Explosion Kills Airman	1980-09-18	Titan II silo explosion at Damascus, Arkansas	E45
FLI	30	Command Out of Control	2013-01-01	A year of scrutiny of US nuclear forces: hacking doubts, missileers unfit, misconduct	E64
FLI	31	Drug Use and Nuclear Security	2016-03-18	F.E. Warren airmen investigated for drug use	E65
FLI	32	Confusing Solar Flares and Nuclear Attacks	1967-05-23	Solar flare blinds early-warning radars, read as Soviet jamming	E34
WP	s1	Korean War	1950	US considers nuclear attacks on North Korea and Manchuria	E01
WP	s2	First Indochina War	1954	US considers tactical nuclear use at Dien Bien Phu	E02
WP	s3	Suez Crisis	1956	NORAD receives coincident reports read as Soviet offensive	E03
WP	s4	Second Taiwan Strait Crisis	1958	PRC shells Kinmen and Matsu; called first serious nuclear crisis	E06
WP	s5	Soviet nuclear weapons in Cuba	1962-10	Operation Anadyr deploys 158 strategic and tactical warheads to Cuba	E12
WP	s6	U.S. false alarm at interceptor airbase	1962-10-25	Duluth guard shoots at fence-climber; Volk Field klaxon orders nuclear F-106As up	E14
WP	s7	Soviet averted launch of nuclear torpedo	1962-10-27	B-59 commander orders nuclear torpedo use; chief of staff refuses	E24
WP	s8	U.S. loss of ICBM launch authority	1962-10-27	Malmstrom officers jerry-rig Minuteman launch system	E17
WP	s9	U.S. scramble of interceptors	1962-10-27	U-2 strays over Chukotka; nuclear-armed F-102As scrambled to escort	E23
WP	s10a	Vietnam War (Fracture Jaw)	1968	Plan to deploy tactical nuclear weapons to South Vietnam at Khe Sanh	E36
WP	s10b	Vietnam War (Duck Hook)	1969	Nixon White House escalation plan, abandoned	E36b
WP	s11	DPRK shootdown of U.S. EWAC aircraft	1969	EC-121 shot down; F-4s ordered to load B61 bombs	E37
WP	s12	Sino-Soviet conflict	1969	USSR considers nuclear attack on China	E38
WP	s13a	Yom Kippur War (Israel)	1973-10	Israel arms Jericho missiles and F-4s with nuclear warheads	E39
WP	s13b	Yom Kippur War (Kincheloe)	1973-10	Kincheloe AFB alarm accidentally activated during DEFCON 3	E40
WP	s14	Able Archer 83 NATO exercise	1983-11-07	Soviet nuclear forces alerted in response to NATO exercise	E47
WP	s15	Gulf War: Coalition nuclear weapons	1991	US and UK deploy nuclear weapons to region; threats	E50
WP	s16	Gulf War: Israeli nuclear weapons	1991	Israel implies nuclear retaliation for Iraqi chemical attack	E51
WP	s17a	India-Pakistan (Kargil)	1999	Kargil War standoff	E60
WP	s17b	India-Pakistan (2001)	2001	Standoff after parliament attack	E61
WP	s17c	India-Pakistan (2019)	2019	2019 clash	E66
WP	s17d	India-Pakistan (2025)	2025	2025 clash	E67
WP	s18	2017-2018 North Korea crisis	2017	Trump-Kim threats	E68
WP	s19	Russian invasion of Ukraine	2022	Russian nuclear threats	E69
WP	s20	U.S. accidental bomb drop in New Mexico	1957	B-36 drops bomb south of Albuquerque	E04
WP	s21	U.S. accidental bomb drop in Savannah, Georgia	1958	B-47 drops bomb near Savannah	E05
WP	s22	U.S. false alarm from moonrise	1960	Thule radar reads moonrise as missile launch	E07
WP	s23	U.S. strategic bomber crash in North Carolina	1961	B-52 breaks up near Goldsboro, drops two bombs	E08
WP	s24	U.S. strategic bomber crash in California	1961	B-52 with two weapons crashes near Yuba City	E09
WP	s25	U.S. false alarm from communications failure	1961	SAC HQ loses contact with NORAD and BMEWS	E10
WP	s26	U.S. mistaken order during Cuban Missile Crisis	1962	Mistaken launch order to Okinawa missile sites (disputed)	E27
WP	s27	U.S. strategic bomber crash in Maryland	1964	B-52 with two bombs crashes in Garrett County	E28
WP	s28	U.K. false alarm due to misunderstood test plan	1965	Fylingdales test tape shown as real at Bomber Command; QRA to runway	E29
WP	s29	U.S. false alarm from blackout computer errors	1965	Bomb detectors malfunction during NE blackout	E30
WP	s30	U.S. attack aircraft falling off carrier	1965	Nuclear-armed A-4 falls off USS Ticonderoga	E31
WP	s31	U.S. strategic bomber crash in Spain	1966	B-52G and KC-135 collide (Palomares)	E32
WP	s32	French false alarm from weather (likely)	1966	Thunderstorm displays takeoff order; Mirage IV launched with bomb	E33
WP	s33	U.S. false alarm from weather	1967	Solar flare interferes with BMEWS; read as jamming	E34
WP	s34	U.S. strategic bomber crash in Greenland	1968	Burning B-52 crashes off Greenland	E35
WP	s35	U.S. false alarm from computer training scenario	1979	NORAD and other centres show large Soviet attack	E42
WP	s36	U.S. false alarm from Soviet missile exercise	1980	Soviet submarine exercise near Kurils; one missile appears aimed at US	E43
WP	s37	Explosion at U.S. missile silo	1980	Arkansas silo explosion	E45
WP	s38	Soviet false alarm from weather (likely)	1983	Satellite system reports US Minuteman launches; Petrov judges false	E46
WP	s39	Tornado at U.S. strategic bomber airbase	1991-04-26	Tornado narrowly misses B-1s at McConnell AFB	E48
WP	s40	Russian false alarm from Norwegian research rocket	1995	Black Brant rocket triggers Yeltsin's briefcase	E52
WP	s41	Improper transport of U.S. nuclear weapons	2007-08-29	Six nuclear cruise missiles flown Minot to Barksdale	E62
