entry	startDate	cited_domains
1	1956,11,05	nuclearfiles.org
2	1960,10,05	www.ucsusa.org
3	1961,01,24	www.ucsusa.org
4	1961,11,24	www.ucsusa.org
5	1962,08,23	nuclearfiles.org
6	1962,10,24	nuclearfiles.org
7	1962,10,25	nuclearfiles.org
8	1962,10,26	nuclearfiles.org
9	1962,10,26	nuclearfiles.org
10	1962,10,26	nuclearfiles.org
11	1962,10,28	nuclearfiles.org
12	1962,10,28	nuclearfiles.org
13	1965,11,09	nuclearfiles.org
14	1968,01,21	nuclearfiles.org
15	1973,10,24	nuclearfiles.org
16	1974,08,01	www.ucsusa.org
17	1979,11,09	www.ucsusa.org
18	1980,03,15	www.ucsusa.org
19	1980,06,03	nuclearfiles.org
20	1983,09,26	www.ucsusa.org,www.youtube.com
21	1995,01,25	www.ucsusa.org
22	2007,08,29	www.ucsusa.org
23	2010,10,23	www.ucsusa.org
24	1962,10,27	www.youtube.com
25	1983,11,2	www.youtube.com
26	2016,06,20	
27	1962,10,27	
28	2016,06,19	www.dni.gov,www.globalzero.org,www.ucsusa.org
29	1980,09,18	
30	2013,01,01	www.motherjones.com
31	2016,03,18	www.airforcetimes.com,www.washingtonpost.com
32	1967,05,23	www.popularmechanics.com
