arxiv_id,cohort,published,primary_category,n_urls,phrases
2402.04247,A,2024-02-06,cs.CY,0,AI scientist
2402.07744,A,2024-02-12,cs.AI,0,agentic research
2402.12391,A,2024-02-15,q-bio.GN,0,automated scientific discovery|automating scientific discovery
2402.15538,A,2024-02-23,cs.MA,1,agentic research
2403.01332,A,2024-03-02,q-bio.QM,0,AI scientist
2403.07965,A,2024-03-12,cs.LG,0,automated scientific discovery|automating scientific discovery
2404.02831,A,2024-04-03,cs.AI,0,AI scientist
2404.05902,A,2024-04-08,cs.CL,0,agentic research
2405.02198,A,2024-05-03,cs.RO,1,agentic research
2405.12300,A,2024-05-20,cond-mat.mtrl-sci,0,automated scientific discovery|automating scientific discovery|autonomous scientific discovery
2405.13352,A,2024-05-22,cs.AI,0,AI scientist|autonomous scientific discovery
2405.16510,A,2024-05-26,cs.AI,0,agentic research
2406.06459,A,2024-06-10,cs.LG,0,automated scientific discovery|automating scientific discovery
2406.06769,A,2024-06-10,cs.AI,0,automated scientific discovery|automating scientific discovery
2406.10291,A,2024-06-13,cs.AI,1,autonomous research
2406.18532,A,2024-06-26,cs.CL,0,agentic research
2407.00466,A,2024-06-29,cs.CL,1,AI scientist
2407.13637,A,2024-07-18,q-bio.QM,0,autonomous research
2408.06292,A,2024-08-12,cs.AI,1,AI scientist
2408.14033,A,2024-08-26,cs.AI,0,AI scientist
2409.04109,A,2024-09-06,cs.CL,0,research agent
2409.11363,A,2024-09-17,cs.CL,0,research agent
2409.12295,A,2024-09-18,cs.LG,0,autonomous research
2409.14807,A,2024-09-23,astro-ph.IM,0,agentic research
2410.00240,A,2024-09-30,cs.AI,0,research agent
2410.05080,A,2024-10-07,cs.CL,0,automated scientific discovery|automating scientific discovery
2410.06384,A,2024-10-08,cs.AI,0,research agent
2410.09403,A,2024-10-12,cs.AI,1,autonomous scientific discovery
2410.11894,A,2024-10-14,eess.SY,0,automated scientific discovery|automating scientific discovery
2410.20221,A,2024-10-26,cs.CL,0,AI scientist
2410.22932,A,2024-10-30,cs.CL,0,agentic research
2411.03743,A,2024-11-06,cs.AI,0,automate the research process
2411.06590,A,2024-11-10,cs.LG,0,automated scientific discovery|automating scientific discovery
2411.17260,A,2024-11-26,eess.IV,0,AI scientist
2412.05467,A,2024-12-06,cs.LG,0,agentic research
2412.20138,A,2024-12-28,q-fin.TR,1,research agent
2501.01451,A,2024-12-30,cs.HC,0,AI scientist
2501.04180,A,2025-01-07,cs.MA,0,agentic research
2501.04227,A,2025-01-08,cs.HC,0,autonomous research
2501.08120,A,2025-01-14,cs.AI,0,automated scientific discovery|automating scientific discovery
2501.11887,A,2025-01-21,cs.RO,0,agentic research
2502.01207,A,2025-02-03,cs.RO,0,autonomous research
2502.11357,A,2025-02-17,cs.AI,0,agentic research
2502.12561,A,2025-02-18,cs.HC,0,agentic research
2502.12700,A,2025-02-18,cs.CL,0,AI scientist
2502.14297,A,2025-02-20,cs.IR,0,AI scientist
2502.16487,A,2025-02-23,cs.CL,0,autonomous research|research agent
2502.17903,A,2025-02-25,cs.AI,0,agentic research
2503.03300,A,2025-03-05,cs.DL,0,agentic research
2503.03503,A,2025-03-05,q-bio.BM,0,research agent
2503.07014,A,2025-03-10,physics.chem-ph,0,autonomous scientific discovery
2503.16041,A,2025-03-20,cs.AI,0,research agent
2503.18213,A,2025-03-23,cs.AI,0,AI scientist
2503.22444,A,2025-03-28,cs.CL,0,AI scientist
2503.22708,A,2025-03-20,cs.AI,0,autonomous scientific discovery
2503.23616,A,2025-03-30,physics.comp-ph,0,automated scientific discovery|automating scientific discovery
2504.01848,A,2025-04-02,cs.AI,1,research agent
2504.01911,A,2025-04-02,cs.AI,0,AI scientist
2504.02822,A,2025-04-03,cs.AI,0,AI scientist
2504.03160,A,2025-04-04,cs.AI,1,research agent
2504.06525,A,2025-04-09,cs.LG,0,autonomous scientific discovery
2504.08066,A,2025-04-10,cs.AI,1,AI scientist|autonomous scientific discovery
2504.08696,A,2025-04-11,cs.SE,0,agentic research
2504.09407,A,2025-04-13,cs.CL,0,agentic research
2504.09702,A,2025-04-13,cs.AI,1,AI scientist
2504.12682,A,2025-04-17,cs.AI,0,agentic research
2504.19678,A,2025-04-28,cs.AI,0,automated scientific discovery|automating scientific discovery
2504.21776,A,2025-04-30,cs.CL,1,research agent
2505.08341,A,2025-05-13,cs.AI,2,AI scientist
2505.11855,A,2025-05-17,cs.CL,0,automated scientific discovery|automating scientific discovery
2505.15047,A,2025-05-21,cs.LG,0,automated scientific discovery|automating scientific discovery
2505.15998,A,2025-05-21,cs.AI,0,AI scientist
2505.17592,A,2025-05-23,astro-ph.IM,0,research agent
2505.17873,A,2025-05-23,cs.CL,0,automated scientific discovery|automating scientific discovery
2505.17968,A,2025-05-23,cs.LG,0,autonomous research
2505.18705,A,2025-05-24,cs.AI,0,autonomous research
2505.19955,A,2025-05-26,cs.LG,0,research agent
2505.20538,A,2025-05-26,cs.CL,0,AI scientist
2505.21034,A,2025-05-27,cs.LG,1,automated scientific discovery|automating scientific discovery
2505.21966,A,2025-05-28,cs.HC,0,research agent
2505.23559,A,2025-05-29,cs.AI,1,AI scientist
2505.24354,A,2025-05-30,cs.CL,0,agentic research
2506.00249,A,2025-05-30,cs.AI,0,automated scientific discovery|automating scientific discovery
2506.01372,A,2025-06-02,cs.AI,0,AI scientist
2506.04699,A,2025-06-05,cs.AI,0,research agent
2506.06287,A,2025-05-06,cs.AI,1,research agent
2506.07259,A,2025-06-08,stat.ML,0,autonomous scientific discovery
2506.10953,A,2025-06-12,cs.LG,0,agentic research
2506.11060,A,2025-05-27,cs.SE,0,research agent
2506.11763,A,2025-06-13,cs.CL,1,research agent
2506.11825,A,2025-06-13,cs.AI,0,research agent
2506.12331,A,2025-06-14,cs.MA,0,agentic research
2506.13834,A,2025-06-16,cs.LG,0,autonomous scientific discovery
2506.14074,A,2025-06-17,cs.LG,0,agentic research
2506.15741,A,2025-06-17,cs.AI,0,agentic research
2506.18096,A,2025-06-22,cs.AI,1,agentic research|research agent
2506.18348,A,2025-06-23,cs.AI,0,AI scientist|autonomous research|autonomous scientific discovery
2506.19613,A,2025-06-24,cs.AI,0,AI scientist
2506.20702,A,2025-06-25,cs.AI,0,AI scientist
2506.22419,A,2025-06-27,cs.AI,0,autonomous research|research agent
2506.23692,A,2025-06-30,cs.AI,0,AI scientist
2507.00310,A,2025-06-30,cs.LG,0,autonomous scientific discovery
2507.02554,A,2025-07-03,cs.AI,0,research agent
2507.03093,A,2025-07-03,astro-ph.IM,0,automated scientific discovery|automating scientific discovery
2507.04410,A,2025-07-06,cs.CV,0,research agent
2507.05495,A,2025-07-07,cs.AI,1,research agent
2507.07155,A,2025-07-09,astro-ph.IM,0,autonomous scientific discovery
2507.08038,A,2025-07-09,cs.CL,2,AI scientist
2507.08055,A,2025-07-10,q-bio.OT,0,research agent
2507.16075,A,2025-07-21,cs.CL,0,research agent
2507.16248,A,2025-07-22,cs.CL,0,research agent
2507.16812,A,2025-07-22,cs.CL,0,AI scientist
2507.18074,A,2025-07-24,cs.AI,0,autonomous research
2507.19132,A,2025-07-25,cs.AI,1,agentic research
2507.23276,A,2025-07-31,cs.AI,0,AI scientist|automated scientific discovery|automating scientific discovery
2508.00414,A,2025-08-01,cs.AI,1,autonomous research
2508.01370,A,2025-08-02,cs.CL,0,agentic research
2508.01746,A,2025-08-03,cs.AI,0,automated scientific discovery|automating scientific discovery
2508.03281,A,2025-08-05,cs.HC,0,agentic research
2508.03963,A,2025-08-05,cs.AI,1,automated scientific discovery|automating scientific discovery
2508.04482,A,2025-08-06,cs.AI,0,agentic research
2508.05674,A,2025-08-05,cs.CR,2,agentic research
2508.05996,A,2025-08-08,cs.AI,0,agentic research
2508.06600,A,2025-08-08,cs.CL,0,research agent
2508.10152,A,2025-08-13,cs.AI,0,research agent
2508.11987,A,2025-08-16,cs.AI,0,research agent
2508.12752,A,2025-08-18,cs.IR,0,research agent
2508.13421,A,2025-08-19,cs.AI,0,AI scientist
2508.13530,A,2025-08-19,cs.AI,0,agentic research
2508.14111,A,2025-08-18,cs.LG,0,autonomous research|autonomous scientific discovery
2508.14880,A,2025-08-20,cs.CL,0,research agent
2508.15126,A,2025-08-20,cs.AI,2,AI scientist|autonomous scientific discovery
2508.15693,A,2025-08-21,cs.AI,1,agentic research
2508.15804,A,2025-08-14,cs.CL,1,research agent
2508.19113,A,2025-08-26,cs.AI,0,research agent
2508.20282,A,2025-08-27,cs.CR,0,research agent
2509.00244,A,2025-08-29,cs.AI,0,research agent
2509.01396,A,2025-09-01,cs.AI,0,research agent
2509.02322,A,2025-09-02,cs.CV,0,agentic research
2509.02751,A,2025-09-02,cs.AI,0,research agent
2509.03036,A,2025-09-03,cs.LG,0,automated scientific discovery|automating scientific discovery
2509.04499,A,2025-09-02,cs.CL,0,research agent
2509.06580,A,2025-09-08,cs.LG,0,AI scientist
2509.06733,A,2025-09-08,cs.AI,0,agentic research|research agent
2509.08713,A,2025-09-10,cs.AI,0,AI scientist
2509.12282,A,2025-09-14,cs.AI,0,AI scientist
2509.12507,A,2025-09-15,cs.RO,0,agentic research
2509.13310,A,2025-09-16,cs.CL,0,research agent
2509.15738,A,2025-09-19,cs.LG,0,agentic research
2509.17158,A,2025-09-21,cs.AI,0,agentic research
2509.22631,A,2025-09-26,cs.CV,0,research agent
2509.23426,A,2025-09-27,cs.AI,1,AI scientist
2509.25084,A,2025-09-29,cs.CL,0,automated scientific discovery|automating scientific discovery
2509.25106,A,2025-09-29,cs.CL,0,research agent
2509.25189,A,2025-09-29,cs.CL,0,research agent
2509.26603,A,2025-09-30,cs.CL,1,AI scientist|autonomous scientific discovery
2510.00061,A,2025-09-29,eess.IV,0,AI scientist
2510.00620,A,2025-10-01,cs.AI,0,automated scientific discovery|automating scientific discovery
2510.01293,A,2025-10-01,cs.AI,0,autonomous scientific discovery
2510.01553,A,2025-10-02,cs.IR,0,automated scientific discovery|automating scientific discovery
2510.02190,A,2025-10-02,cs.AI,0,research agent
2510.05016,A,2025-10-06,astro-ph.IM,0,autonomous research|research agent
2510.05145,A,2025-10-02,cs.DC,0,research agent
2510.06135,A,2025-10-07,cs.AI,0,research agent
2510.06186,A,2025-10-07,cs.CL,0,research agent
2510.08619,A,2025-10-08,cs.AI,0,research agent
2510.08847,A,2025-10-09,cs.AI,0,agentic research
2510.10472,A,2025-10-12,cs.CL,1,agentic research|research agent
2510.11143,A,2025-10-13,cs.AI,0,agentic research
2510.11661,A,2025-10-13,cs.AI,0,AI scientist
2510.12194,A,2025-10-14,cs.AI,3,research agent
2510.12367,A,2025-10-14,cs.CL,0,research agent
2510.12979,A,2025-10-14,cs.AI,0,research agent
2510.13913,A,2025-10-15,cs.CL,0,research agent
2510.14438,A,2025-10-16,cs.CL,0,research agent
2510.15280,A,2025-10-17,cs.LG,1,autonomous scientific discovery
2510.15862,A,2025-10-17,cs.AI,0,research agent
2510.16080,A,2025-10-17,q-bio.QM,1,research agent
2510.16720,A,2025-10-19,cs.AI,0,research agent
2510.18104,A,2025-10-20,cs.IR,0,AI scientist|automate the research process|autonomous research
2510.21652,A,2025-10-24,cs.AI,0,AI scientist
2510.21935,A,2025-10-24,cs.LG,0,automated scientific discovery|automating scientific discovery
2510.23045,A,2025-10-27,cs.AI,0,AI scientist
2510.24891,A,2025-10-28,cs.CL,0,autonomous research|research agent
2510.26144,A,2025-10-30,cs.AI,0,research agent
2511.01015,A,2025-11-02,cs.LG,0,agentic research
2511.02071,A,2025-11-03,cs.AI,0,research agent
2511.02824,A,2025-11-04,cs.AI,0,AI scientist
2511.04481,A,2025-11-06,cs.AI,0,agentic research
2511.04583,A,2025-11-06,cs.AI,0,AI scientist
2511.05524,A,2025-10-28,cs.AI,0,autonomous research|research agent
2511.06309,A,2025-11-09,cs.AI,0,autonomous scientific discovery
2511.06701,A,2025-11-10,cs.SE,0,AI scientist
2511.07327,A,2025-11-10,cs.AI,0,research agent
2511.08522,A,2025-11-11,cs.CL,0,autonomous research|research agent
2511.09325,A,2025-11-12,cs.AI,0,automated scientific discovery|automating scientific discovery
2511.11672,A,2025-11-11,cs.DC,0,agentic research
2511.11793,A,2025-11-14,cs.CL,0,research agent
2511.13825,A,2025-11-17,cs.AI,0,AI scientist
2511.14043,A,2025-11-18,cs.AI,0,autonomous scientific discovery
2511.14631,A,2025-11-18,cs.CL,1,autonomous scientific discovery
2511.15593,A,2025-11-19,cs.AI,0,research agent
2511.16931,A,2025-11-21,cs.CY,0,AI scientist
2511.16997,A,2025-11-21,cs.AI,0,AI scientist
2511.19399,A,2025-11-24,cs.CL,0,research agent
2511.21444,A,2025-11-26,cs.AI,0,automated scientific discovery|automating scientific discovery
2511.21990,A,2025-11-27,cs.LG,0,agentic research
2512.01089,A,2025-11-30,cs.AI,0,automated scientific discovery|automating scientific discovery
2512.01948,A,2025-12-01,cs.CL,0,research agent
2512.02038,A,2025-11-24,cs.CL,0,research agent
2512.02874,A,2025-12-02,cs.CL,0,research agent
2512.03887,A,2025-12-03,cs.AI,1,research agent
2512.05311,A,2025-12-04,cs.LG,0,research agent
2512.07849,A,2025-11-26,cs.CY,0,AI scientist
2512.14622,A,2025-12-16,cs.DB,0,autonomous research
2512.19753,A,2025-12-19,cond-mat.mtrl-sci,0,AI scientist
2512.20469,A,2025-12-23,cs.AI,0,AI scientist
2512.22336,A,2025-12-26,cs.AI,1,research agent
2512.24077,A,2025-12-30,cs.AI,0,autonomous scientific discovery
2601.01357,A,2026-01-04,cs.LG,0,autonomous research
2601.03261,A,2025-12-16,cs.CL,0,research agent
2601.03315,A,2026-01-06,cs.LG,1,AI scientist|autonomous scientific discovery
2601.04577,A,2026-01-08,cs.AI,0,research agent
2601.04879,A,2026-01-08,cs.CL,0,research agent
2601.06117,A,2026-01-03,cs.LG,0,research agent
2601.06676,A,2026-01-10,cs.CL,0,research agent
2601.06943,A,2026-01-11,cs.CV,0,research agent
2601.07504,A,2026-01-12,cs.LG,0,agentic research
2601.11354,A,2026-01-16,cs.AI,0,agentic research
2601.12030,A,2026-01-17,cs.AI,0,research agent
2601.12152,A,2026-01-17,cs.HC,0,agentic research
2601.12346,A,2026-01-18,cs.CV,0,research agent
2601.12369,A,2026-01-18,cs.CL,0,research agent
2601.12538,A,2026-01-18,cs.AI,0,autonomous research
2601.12910,A,2026-01-19,cs.CL,0,research agent
2601.13217,A,2026-01-19,cs.CL,0,research agent
2601.13508,A,2026-01-20,cond-mat.mtrl-sci,0,agentic research|autonomous research
2601.14224,A,2026-01-20,cs.IR,1,research agent
2601.14288,A,2026-01-14,astro-ph.CO,1,autonomous scientific discovery
2601.15808,A,2026-01-22,cs.AI,0,research agent
2601.16282,A,2026-01-22,cs.CL,0,automated scientific discovery|automating scientific discovery
2601.18207,A,2026-01-26,cs.LG,1,AI scientist
2601.18467,A,2026-01-26,cs.AI,0,research agent
2601.18638,A,2026-01-26,cs.LG,0,autonomous scientific discovery
2601.20676,A,2026-01-28,cs.CL,0,research agent
2601.20833,A,2026-01-28,cs.CE,0,autonomous scientific discovery
2601.20843,A,2026-01-28,cs.AI,0,research agent
2601.22444,A,2026-01-30,cs.LG,0,research agent
2601.22984,A,2026-01-30,cs.AI,1,research agent
2601.23265,A,2026-01-30,cs.CL,0,AI scientist
2602.01590,A,2026-02-02,cs.CL,1,agentic research|research agent
2602.01815,A,2026-02-02,cs.AI,0,automated scientific discovery|automating scientific discovery
2602.02450,A,2026-02-02,math.CO,0,research agent
2602.02486,A,2026-02-02,cs.CL,0,research agent
2602.02799,A,2026-02-02,cs.LG,0,agentic research
2602.02905,A,2026-02-02,cs.AI,0,research agent
2602.03849,A,2025-12-18,cs.HC,0,AI scientist
2602.04850,A,2026-02-04,physics.chem-ph,0,research agent
2602.05975,A,2026-02-05,cs.IR,0,research agent
2602.06540,A,2026-02-06,cs.AI,0,research agent
2602.06923,A,2026-02-06,cs.LG,0,automated scientific discovery|automating scientific discovery
2602.07040,A,2026-02-03,cs.AI,0,autonomous scientific discovery
2602.07359,A,2026-02-07,cs.AI,0,research agent
2602.08276,A,2026-02-09,cs.AI,0,agentic research
2602.08990,A,2026-02-09,cs.AI,0,autonomous scientific discovery
2602.09430,A,2026-02-10,cs.RO,0,autonomous scientific discovery
2602.10177,A,2026-02-10,cs.LG,1,research agent
2602.11238,A,2026-02-11,cs.CL,0,research agent
2602.11964,A,2026-02-12,cs.AI,0,agentic research
2602.12056,A,2026-02-12,cs.AI,1,research agent
2602.13769,A,2026-02-14,cs.AI,1,agentic research
2602.13855,A,2026-02-14,cs.AI,0,autonomous research|research agent
2602.14295,A,2026-02-15,cs.LG,0,research agent
2602.17017,A,2025-12-01,cs.AI,0,research agent
2602.18920,A,2026-02-21,cs.CL,1,research agent
2602.18940,A,2026-02-21,cs.AI,0,research agent
2602.19526,A,2026-02-23,cs.CL,0,research agent
2602.21143,A,2026-02-24,cs.AI,0,research agent
2602.21201,A,2026-02-24,cs.AI,1,research agent
2602.21230,A,2026-02-05,cs.CL,0,research agent
2602.22675,A,2026-02-26,cs.CL,0,research agent
2602.23271,A,2026-02-26,cs.AI,0,research agent
2602.23716,A,2026-02-27,cs.AI,0,research agent
2603.00582,A,2026-02-28,cs.CL,1,autonomous research
2603.01050,A,2026-03-01,cs.CV,1,research agent
2603.01152,A,2026-03-01,cs.AI,2,research agent
2603.03126,A,2026-03-03,cs.DL,0,research agent
2603.04384,A,2026-03-04,cs.CL,1,research agent
2603.05972,A,2026-03-06,cs.CY,1,AI scientist
2603.07416,A,2026-03-08,cs.LG,0,research agent
2603.07853,A,2026-03-09,cs.AI,1,research agent
2603.07915,A,2026-03-09,cs.AI,0,research agent
2603.08127,A,2026-03-09,cs.CL,0,AI scientist|research agent
2603.09597,A,2026-03-10,cs.NE,0,automated scientific discovery|automating scientific discovery
2603.09800,A,2026-03-10,cs.IR,0,research agent
2603.10808,A,2026-03-11,cs.AI,0,research agent
2603.12226,A,2026-03-12,cs.CL,0,automated scientific discovery|automating scientific discovery
2603.12608,A,2026-03-13,cs.IR,1,agentic research
2603.13840,A,2026-03-14,cs.MA,0,agentic research
2603.14575,A,2026-03-15,cs.LG,0,AI scientist
2603.15594,A,2026-03-16,cs.AI,0,agentic research
2603.15726,A,2026-03-16,cs.CL,0,research agent
2603.15914,A,2026-03-16,cs.LG,1,agentic research|autonomous research
2603.17216,A,2026-03-17,cs.AI,0,automated scientific discovery|automating scientific discovery
2603.18235,A,2026-03-18,cs.CR,0,AI scientist
2603.18273,A,2026-03-18,cs.AI,0,automated research pipeline
2603.18516,A,2026-03-19,cs.IR,0,research agent
2603.18633,A,2026-03-19,cs.AI,0,autonomous research|research agent
2603.19268,A,2026-02-27,cs.CL,0,research agent
2603.20101,A,2026-03-20,cs.AI,0,research agent
2603.20262,A,2026-03-13,q-bio.BM,0,automated scientific discovery|automating scientific discovery
2603.20278,A,2026-03-17,cs.IR,1,research agent
2603.21321,A,2026-03-22,cs.AI,0,agentic research
2603.21340,A,2026-03-22,cs.AI,0,autonomous research|research agent
2603.22305,A,2026-03-18,cs.LG,0,agentic research
2603.22363,A,2026-03-23,cs.SE,0,agentic research|autonomous research|research agent
2603.25342,A,2026-03-26,cs.LG,0,research agent
2603.26499,A,2026-03-27,cs.AI,0,research agent
2603.27416,A,2026-03-28,cs.RO,0,autonomous research
2603.27813,A,2026-03-29,cs.CV,0,research agent
2603.28336,A,2026-03-30,cs.AI,0,research agent
2603.28376,A,2026-03-30,cs.CL,0,research agent
2603.28407,A,2026-03-30,cs.AI,0,research agent
2603.28589,A,2026-03-30,cs.AI,0,AI scientist|autonomous research|autonomous scientific discovery
2603.28651,A,2026-03-27,cs.AI,0,autonomous research
2603.29045,A,2026-03-30,cs.CV,0,autonomous scientific discovery
2603.29557,A,2026-03-31,cs.AI,0,autonomous research
2604.00149,A,2026-03-31,physics.comp-ph,0,automated scientific discovery|automating scientific discovery
2604.00550,A,2026-04-01,cs.AI,1,AI scientist
2604.00842,A,2026-04-01,cs.AI,0,agentic research
2604.01007,A,2026-04-01,cs.AI,1,autonomous research
2604.02279,A,2026-04-02,cs.AI,0,research agent
2604.03173,A,2026-04-03,cs.CL,0,research agent
2604.03553,A,2026-04-04,cs.AI,0,automated scientific discovery|automating scientific discovery
2604.04017,A,2026-04-05,cs.CL,1,research agent
2604.04503,A,2026-04-06,cs.AI,0,research agent
2604.05557,A,2026-04-07,cs.CL,0,research agent
2604.05854,A,2026-04-07,cs.AI,1,research agent
2604.05952,A,2026-04-07,cs.AI,0,research agent
2604.06170,A,2026-04-07,cs.CL,2,agentic research
2604.06240,A,2026-04-05,cs.CR,1,research agent
2604.06802,A,2026-04-08,cs.AI,0,research agent
2604.07645,A,2026-04-08,cs.AI,0,agentic research
2604.07927,A,2026-04-09,cs.AI,0,research agent
2604.08318,A,2026-04-09,quant-ph,0,AI scientist
2604.08590,A,2026-03-31,cs.LG,1,autonomous research
2604.09251,A,2026-04-10,cs.AI,1,research agent
2604.09584,A,2026-02-26,cs.AI,0,automated scientific discovery|automating scientific discovery
2604.09621,A,2026-03-18,cs.AI,0,AI scientist
2604.09793,A,2026-04-10,cs.CL,0,automated scientific discovery|automating scientific discovery
2604.10696,A,2026-04-12,cs.AI,0,autonomous research|research agent
2604.11721,A,2026-04-13,cs.CL,0,agentic research
2604.12102,A,2026-04-13,cs.AI,0,research agent
2604.12144,A,2026-04-13,cs.MA,1,AI scientist
2604.12258,A,2026-04-14,cs.CL,0,agentic research
2604.13282,A,2026-04-14,physics.med-ph,0,autonomous research
2604.14116,A,2026-04-15,cs.AI,0,research agent
2604.14683,A,2026-04-16,cs.AI,0,research agent
2604.15093,A,2026-04-16,cs.AI,1,agentic research
2604.15145,A,2026-04-16,cs.AI,0,AI scientist
2604.15411,A,2026-04-16,cs.LG,0,AI scientist|autonomous scientific discovery
2604.17143,A,2026-04-18,cs.LG,0,research agent
2604.17406,A,2026-04-19,cs.AI,0,autonomous scientific discovery
2604.17745,A,2026-04-20,cs.CL,1,research agent
2604.17931,A,2026-04-20,cs.AI,0,research agent
2604.18418,A,2026-04-20,cs.CV,1,research agent
2604.19859,A,2026-04-21,cs.LG,0,research agent
2604.20441,A,2026-04-22,cs.AI,0,research agent
2604.20855,A,2026-02-24,cs.IR,0,research agent
2604.22861,A,2026-04-23,cs.IR,0,research agent
2604.24618,A,2026-04-27,cs.AI,0,research agent
2604.24658,A,2026-04-27,cs.LG,1,research agent
2604.24696,A,2026-04-27,cs.CV,1,agentic research
2604.25256,A,2026-04-28,cs.AI,1,autonomous research
2604.27092,A,2026-04-29,cs.AI,0,autonomous scientific discovery
2604.28158,A,2026-04-30,cs.AI,0,automated scientific discovery|automating scientific discovery|research agent
2605.00055,A,2026-04-29,cs.CR,0,agentic research
2605.00927,A,2026-04-30,q-bio.OT,1,AI scientist
2605.01489,A,2026-05-02,cs.AI,0,automated scientific discovery|automating scientific discovery|research agent
2605.02092,A,2026-05-03,cs.AI,0,autonomous research|research agent
2605.02542,A,2026-05-04,cs.NI,0,autonomous research
2605.02620,A,2026-05-04,cs.CL,0,agentic research
2605.02709,A,2026-05-04,cs.AI,0,agentic research
2605.03042,A,2026-05-04,cs.SE,0,autonomous research
2605.04036,A,2026-05-05,cs.AI,0,agentic research
2605.05258,A,2026-05-06,cs.SE,1,AI scientist|autonomous research
2605.06066,A,2026-05-07,cs.LG,0,agentic research
2605.06177,A,2026-05-07,cs.AI,1,agentic research|research agent
2605.06345,A,2026-05-07,cs.AI,0,research agent
2605.06390,A,2026-05-07,cs.AI,0,research agent
2605.06607,A,2026-05-07,physics.flu-dyn,1,AI scientist
2605.06635,A,2026-05-07,cs.CL,0,research agent
2605.06869,A,2026-05-07,cs.AI,0,agentic research
2605.08956,A,2026-05-09,cs.AI,0,AI scientist|autonomous scientific discovery
2605.10246,A,2026-05-11,cs.AI,1,AI scientist|autonomous research
2605.10530,A,2026-05-11,cs.IR,1,research agent
2605.10899,A,2026-05-11,cs.CL,0,research agent
2605.11328,A,2026-05-11,cs.LG,0,automated scientific discovery|automating scientific discovery
2605.11504,A,2026-05-12,cs.LG,0,agentic research
2605.12131,A,2026-05-12,cs.AI,0,agentic research
2605.12662,A,2026-05-12,cs.LG,0,AI scientist
2605.13625,A,2026-05-13,cs.AI,0,research agent
2605.13874,A,2026-05-08,cs.NE,0,autonomous research|research agent
2605.13877,A,2026-05-09,cs.NE,1,autonomous research
2605.14791,A,2026-05-14,astro-ph.IM,0,AI scientist|agentic research|autonomous scientific discovery
2605.15011,A,2026-05-14,cs.CL,0,automated scientific discovery|automating scientific discovery
2605.15308,A,2026-05-14,cs.AI,1,automated scientific discovery|automating scientific discovery
2605.16217,A,2026-05-15,cs.CL,0,research agent
2605.16303,A,2026-04-24,cs.CY,0,research agent
2605.16616,A,2026-05-15,cs.LG,0,AI scientist|autonomous research
2605.17046,A,2026-05-16,cs.LG,1,autonomous research|research agent
2605.17373,A,2026-05-17,cs.LG,1,research agent
2605.17554,A,2026-05-17,cs.AI,0,research agent
2605.19196,A,2026-05-18,cs.CL,0,research agent
2605.20025,A,2026-05-19,cs.AI,1,AI scientist|automated scientific discovery|automating scientific discovery|autonomous research
2605.20306,A,2026-05-19,cs.CV,1,autonomous research
2605.21481,A,2026-05-20,cs.AI,1,AI scientist
2605.21491,A,2026-04-06,cs.LG,0,autonomous scientific discovery
2605.22343,A,2026-05-21,cs.MA,1,autonomous research
2605.22662,A,2026-05-21,cs.AI,0,autonomous research
2605.23169,A,2026-05-22,q-bio.QM,0,research agent
2605.23204,A,2026-05-22,cs.AI,0,AI scientist
2605.23263,A,2026-05-22,cs.RO,0,agentic research
2605.24002,A,2026-05-18,physics.chem-ph,0,AI scientist
2605.24218,A,2026-05-22,cs.CL,0,research agent
2605.24245,A,2026-05-22,cs.CR,0,research agent
2605.24580,A,2026-05-23,cs.CY,0,agentic research
2605.24775,A,2026-05-23,cs.AI,0,agentic research
2605.25964,A,2026-05-25,cs.AI,1,AI scientist
2605.26081,A,2026-05-25,cs.AI,0,research agent
2605.26340,A,2026-05-25,cs.AI,0,autonomous research|research agent
2605.26870,A,2026-05-26,cs.MA,0,agentic research|research agent
2605.27905,A,2026-05-27,cs.CL,0,research agent
2605.29522,A,2026-05-28,cs.AI,0,AI scientist
2605.30003,A,2026-05-28,cs.MA,1,research agent
2605.30284,A,2026-05-28,cs.AI,0,AI scientist
2605.30322,A,2026-05-28,cs.LG,0,research agent
2605.30329,A,2026-05-28,cs.LG,0,research agent
2605.30727,A,2026-05-29,cs.CL,0,agentic research|research agent
2605.30947,A,2026-05-29,cs.CL,1,research agent
2606.00644,A,2026-05-30,cs.AI,0,research agent
2606.00939,A,2026-05-31,cs.MA,0,agentic research
2606.01091,A,2026-05-31,cs.CL,0,agentic research
2606.02006,A,2026-06-01,cs.SE,0,agentic research
2606.02060,A,2026-06-01,cs.AI,0,research agent
2606.02320,A,2026-06-01,cs.CL,0,research agent
2606.02484,A,2026-06-01,cs.AI,0,agentic research
2606.04220,A,2026-06-02,cs.CE,0,AI scientist
2606.04228,A,2026-06-02,cs.CE,0,AI scientist
2606.04507,A,2026-06-03,cs.CL,0,research agent
2606.05238,A,2026-06-03,cs.SE,0,research agent
2606.05241,A,2026-06-03,cs.CR,0,research agent
2606.07074,A,2026-06-05,cs.LG,0,research agent
2606.07462,A,2026-06-05,cs.AI,1,autonomous research|research agent
2606.07576,A,2026-05-26,cs.LG,1,AI scientist
2606.07591,A,2026-05-28,cs.LG,0,autonomous research|research agent
2606.07689,A,2026-06-05,cs.CV,0,research agent
2606.07697,A,2026-06-05,physics.ao-ph,0,AI scientist
2606.08234,A,2026-06-06,cs.AI,1,autonomous research
2606.08256,A,2026-06-06,cs.AI,0,research agent
2606.08671,A,2026-06-07,cs.LG,0,research agent
2606.09198,A,2026-06-08,cs.AI,0,research agent
2606.09500,A,2026-06-08,cs.AI,0,autonomous research|research agent
2606.09550,A,2026-06-08,cs.DB,0,AI scientist
2606.09556,A,2026-06-08,cs.AI,0,AI scientist
2606.09748,A,2026-06-08,cs.AI,1,research agent
2606.11042,A,2026-06-09,cs.AI,0,agentic research
2606.11045,A,2026-06-09,cs.AI,0,research agent
2606.11337,A,2026-06-09,cs.AI,0,research agent
2606.11926,A,2026-06-10,cs.CL,0,autonomous research
2606.12848,A,2026-06-11,cs.AI,0,AI scientist
2606.12986,A,2026-06-11,cs.SE,0,agentic research
2606.13662,A,2026-06-11,cs.AI,0,automated scientific discovery|automating scientific discovery|autonomous research|autonomous scientific discovery|research agent
2606.13669,A,2026-06-11,cs.AI,0,research agent
2606.15345,A,2026-06-13,cs.CL,0,research agent
2606.15367,A,2026-06-13,cs.AI,0,research agent
2606.15497,A,2026-03-31,cs.AI,0,AI scientist
2606.17029,A,2026-06-15,cs.CL,0,research agent
2606.17076,A,2026-06-10,physics.ao-ph,0,autonomous research
2606.17458,A,2026-06-16,cs.CE,1,research agent
2606.18060,A,2026-06-16,cs.AI,0,end-to-end research pipeline
2606.18648,A,2026-06-17,physics.comp-ph,1,research agent
2606.18874,A,2026-06-17,cs.AI,0,AI scientist
2606.19893,A,2026-06-18,cs.AI,0,research agent
2606.19899,A,2026-06-18,cs.CY,0,AI scientist
2606.20122,A,2026-06-18,cs.AI,0,research agent
2606.20394,A,2026-06-18,cs.RO,0,research agent
2606.21024,A,2026-06-19,cs.AI,1,research agent
2606.22151,A,2026-06-20,cs.IR,0,research agent
2606.22610,A,2026-06-21,cs.AI,0,automate the research process
2606.22783,A,2026-06-22,cs.IR,0,research agent
2606.22859,A,2026-06-22,cs.AI,0,AI scientist|automated scientific discovery|automating scientific discovery
2606.23175,A,2026-06-22,cs.LG,0,AI scientist
2606.24598,A,2026-06-15,cs.SE,0,agentic research
2606.24965,A,2026-06-23,cs.AI,0,autonomous research
2606.25532,A,2026-06-24,cs.AI,0,automated scientific discovery|automating scientific discovery
2606.26449,A,2026-06-24,cs.CL,0,autonomous scientific discovery
2606.26722,A,2026-06-25,cs.AI,0,AI scientist
2606.28368,A,2026-06-15,cs.IR,0,research agent
2606.28756,A,2026-06-27,cs.DL,1,AI scientist
2606.29100,A,2026-06-27,cs.CE,0,autonomous scientific discovery
2606.29717,A,2026-06-29,cond-mat.mtrl-sci,0,agentic research|autonomous research
2606.29981,A,2026-06-29,cs.CR,0,AI scientist|agentic research
2606.30246,A,2026-06-29,cs.AI,0,autonomous research|research agent
2606.30335,A,2026-06-29,cs.AI,0,autonomous scientific discovery
2606.30699,A,2026-06-29,cs.LG,0,automated scientific discovery|automating scientific discovery
2606.31229,A,2026-06-30,cs.AI,0,AI scientist
2606.31273,A,2026-06-30,cs.LG,0,AI scientist
2606.31478,A,2026-06-30,cs.AI,0,AI scientist|autonomous research|research agent
2607.01131,A,2026-07-01,cs.CV,0,autonomous scientific discovery
2607.02329,A,2026-07-02,cs.AI,0,autonomous research|research agent
2607.02520,A,2026-05-04,cs.CY,1,research agent
2607.03863,A,2026-07-04,cs.CL,0,autonomous research|research agent
2607.04293,A,2026-07-05,cs.CL,0,AI scientist
2607.04718,A,2026-07-06,cs.AI,0,research agent
2607.05682,A,2026-07-06,cs.AI,1,AI scientist|agentic research
2607.06118,A,2026-07-07,cs.CV,0,agentic research
2607.07779,A,2026-07-08,cs.CL,0,research agent
2607.09195,A,2026-07-10,cs.AI,0,AI scientist
2607.10127,A,2026-07-11,cs.LG,0,automated scientific discovery|automating scientific discovery
2607.10144,A,2026-07-11,cs.AI,0,research agent
2607.10712,A,2026-07-12,cs.CR,0,autonomous research|research agent
2607.11084,A,2026-07-13,cs.AI,0,AI scientist|agentic research
2607.11698,A,2026-07-13,cs.CR,1,agentic research
2607.11895,A,2026-06-11,cs.CY,0,AI scientist
2607.12252,A,2026-07-14,cs.CL,0,research agent
2607.12257,A,2026-07-14,cs.AI,0,research agent
2607.12301,A,2026-07-14,cs.SE,1,autonomous research
2607.12474,A,2026-07-14,cs.AI,0,autonomous scientific discovery
2607.12835,A,2026-07-14,cs.CL,0,research agent
2607.13602,A,2026-07-15,cs.CL,0,research agent
2607.13705,A,2026-07-15,cs.AI,0,agentic research
2607.16038,A,2026-07-17,cs.AI,1,agentic research
2607.16262,A,2026-06-28,cs.LG,0,automated scientific discovery|automating scientific discovery
2607.16848,A,2026-07-18,cs.LG,2,research agent
2607.17291,A,2026-07-19,cs.LG,0,research agent
2607.17917,A,2026-07-20,cs.AI,1,AI scientist|research agent
2607.18084,A,2026-07-20,cs.AI,1,research agent
2607.18665,A,2026-07-21,cs.AI,1,research agent
2607.20471,A,2026-05-23,cs.AI,0,research agent
2607.20773,A,2026-07-22,cs.HC,0,agentic research
2607.20872,A,2026-07-23,cs.CL,0,agentic research
2607.20891,A,2026-07-23,cs.AI,2,research agent
2607.21461,A,2026-07-23,cs.AI,0,research agent
2607.21533,A,2026-07-23,quant-ph,0,AI scientist
2607.22511,A,2026-07-24,stat.ML,1,autonomous research
2607.23045,A,2026-07-25,cs.AI,0,autonomous research
2607.23975,A,2026-07-27,cs.AI,0,research agent
2607.24647,A,2026-07-27,cs.AI,0,autonomous research
2607.25865,A,2026-07-28,quant-ph,0,AI scientist
2607.25886,A,2026-07-28,cs.SE,1,agentic research
2607.26064,A,2026-06-18,cs.CY,0,autonomous research|research agent
2607.27199,A,2026-07-29,math.CO,0,research agent
2607.27562,A,2026-07-30,cs.AI,0,autonomous research
2607.27690,A,2026-07-30,cs.RO,1,automated scientific discovery|automating scientific discovery
2607.27726,A,2026-07-30,cs.AI,0,research agent
2607.27853,A,2026-07-30,cs.CL,2,research agent
2607.28631,A,2026-04-18,cs.AI,0,AI scientist|autonomous research
2608.00432,A,2026-08-01,cs.CL,0,research agent
2608.01995,A,2026-08-03,cs.AI,0,autonomous research
2608.02143,A,2026-08-03,cs.AI,0,autonomous research
2608.03527,A,2026-08-04,cs.IR,0,research agent
2608.03569,A,2026-08-04,cs.AI,0,AI scientist
2608.04457,A,2026-08-05,cs.DB,0,AI scientist
2608.04738,A,2026-08-05,cs.AI,0,autonomous research|research agent
2608.05085,A,2026-08-05,cs.LG,0,automated scientific discovery|automating scientific discovery
2608.05179,A,2026-06-29,cs.CY,0,AI scientist
2608.05225,A,2026-08-05,cs.AI,0,autonomous research|research agent
2608.05235,A,2026-08-05,cs.IR,0,research agent
2608.05876,A,2026-08-06,cs.AI,0,research agent
2608.07542,A,2026-07-30,cs.AI,0,AI scientist|autonomous research
2608.07700,A,2026-08-07,cs.AI,0,research agent
2608.08389,A,2026-08-09,cs.AI,0,research agent
2608.09532,A,2026-08-10,cs.DB,0,research agent
2608.09537,A,2026-08-10,cs.AI,0,research agent
2608.09855,A,2026-08-10,cs.AI,0,research agent
2608.10934,A,2026-08-11,cs.SE,0,agentic research
2608.11211,A,2026-07-13,cs.AI,0,research agent
2608.11216,A,2026-07-20,cs.AI,0,autonomous research
2608.11250,A,2026-08-04,cs.AI,0,autonomous research
2608.11876,A,2026-08-12,cs.RO,0,research agent
2608.12036,A,2026-08-12,cs.AI,0,AI scientist
2608.12355,A,2026-07-04,cs.HC,0,agentic research
2608.12788,A,2026-08-13,cs.AI,0,autonomous research
2608.13331,A,2026-08-13,cs.LG,0,AI scientist
2608.13417,A,2026-08-13,cs.AI,0,autonomous research
2608.13558,A,2026-08-13,cs.AI,0,AI scientist
2608.13940,A,2026-08-14,cs.AI,0,research agent
2608.14354,A,2026-08-14,cs.AI,0,autonomous research
2608.14407,A,2026-08-14,cs.AI,0,AI scientist
2608.14667,A,2026-08-02,cs.AI,0,AI scientist
2608.14747,A,2026-08-14,cs.LG,1,research agent
2608.14905,A,2026-08-14,cs.CL,0,autonomous scientific discovery
2608.15052,A,2026-08-15,cs.AI,0,research agent
2608.15515,A,2026-08-16,math.PR,0,research agent
2608.17501,A,2026-08-18,cs.AI,0,AI scientist
2608.17906,A,2026-08-18,cs.AI,0,autonomous research
2608.18279,A,2026-08-18,physics.optics,0,autonomous scientific discovery
2608.18508,A,2026-08-19,physics.chem-ph,0,AI scientist
2608.18543,A,2026-08-19,cs.AI,0,research agent
2608.19902,A,2026-08-20,cs.AI,0,agentic research
2608.22133,A,2026-08-22,math.DG,0,research agent
2608.23336,A,2026-08-24,cs.CV,0,AI scientist
2608.24037,A,2026-08-25,cs.CL,0,agentic research
2608.24809,A,2026-08-25,cs.CL,0,research agent
2608.25559,A,2026-08-26,cs.CV,0,research agent
2608.25770,A,2026-08-26,cs.MA,0,AI scientist|automated scientific discovery|automating scientific discovery
2608.26016,A,2026-08-26,cond-mat.mtrl-sci,0,research agent
2608.26150,A,2026-07-01,cs.AI,0,automate the research process
2608.26596,A,2026-08-27,cs.CL,0,autonomous research
2608.26753,A,2026-08-27,cs.SE,0,AI scientist
2608.27394,A,2026-08-27,cs.CL,0,AI scientist
2608.27912,A,2026-08-28,cs.IR,1,research agent
2402.00251,B,2024-02-01,cs.LG,0,
2402.06982,B,2024-02-10,cs.CV,0,
2402.14857,B,2024-02-20,cs.CL,0,
2403.00196,B,2024-02-29,cs.CV,0,
2403.00198,B,2024-03-01,cs.CL,0,
2404.01349,B,2024-03-31,cs.CL,0,
2404.02174,B,2024-04-01,cs.GT,0,
2405.00254,B,2024-04-30,cs.AI,0,
2405.00263,B,2024-05-01,cs.CL,0,
2405.07976,B,2024-05-13,stat.ML,0,
2405.15292,B,2024-05-24,cs.LG,0,
2406.01623,B,2024-06-01,cs.SE,0,
2406.01624,B,2024-06-01,eess.AS,1,
2406.04369,B,2024-05-31,cs.SE,0,
2406.07025,B,2024-06-11,cs.LG,1,
2406.07028,B,2024-06-11,cs.LG,0,
2406.13688,B,2024-06-19,cs.CV,0,
2407.00869,B,2024-07-01,cs.CL,0,
2408.00203,B,2024-08-01,cs.CV,0,
2409.00564,B,2024-08-31,physics.plasm-ph,0,
2409.00571,B,2024-09-01,cs.CR,0,
2409.00584,B,2024-09-01,cs.LG,0,
2409.08264,B,2024-09-12,cs.AI,2,
2409.08270,B,2024-09-12,cs.CV,1,
2409.14622,B,2024-09-22,quant-ph,0,
2410.00309,B,2024-10-01,cs.CV,0,
2410.03738,B,2024-10-01,cs.CL,0,
2410.08164,B,2024-10-10,cs.AI,1,
2410.08172,B,2024-10-10,cs.RO,1,
2410.15805,B,2024-10-21,cs.AI,0,
2410.15814,B,2024-10-21,cs.CV,0,
2411.00282,B,2024-11-01,cs.LG,0,
2411.10109,B,2024-11-15,cs.AI,0,
2412.00608,B,2024-11-30,cs.AI,0,
2412.00621,B,2024-12-01,cs.CR,0,
2412.11187,B,2024-12-15,cs.CL,0,
2501.00669,B,2024-12-31,cs.LG,0,
2501.07146,B,2025-01-13,cs.LG,0,
2501.13439,B,2025-01-23,cs.CV,1,
2501.14777,B,2025-01-01,cs.CY,0,
2502.00225,B,2025-01-31,cs.LG,0,
2502.00232,B,2025-02-01,cs.CV,0,
2502.00241,B,2025-02-01,cs.LG,0,
2502.07312,B,2025-02-11,cs.LG,0,
2502.07316,B,2025-02-11,cs.CL,1,
2502.14235,B,2025-02-20,cs.CV,0,
2502.14247,B,2025-02-20,cs.GR,1,
2503.00240,B,2025-02-28,cs.LG,0,
2503.00258,B,2025-03-01,cs.CL,1,
2503.05793,B,2025-03-01,cs.CY,0,
2503.07578,B,2025-03-10,cs.LG,0,
2503.07587,B,2025-03-10,cs.CV,0,
2503.16577,B,2025-03-20,cs.LG,0,
2503.18964,B,2025-03-20,cs.SD,0,
2504.00294,B,2025-03-31,cs.LG,0,
2504.00299,B,2025-04-01,cs.AI,0,
2504.00308,B,2025-04-01,cs.LG,0,
2504.01995,B,2025-04-01,cs.AI,0,
2504.03731,B,2025-03-31,cs.AI,0,
2504.07831,B,2025-04-10,cs.AI,0,
2504.07836,B,2025-04-10,cs.CV,0,
2504.07839,B,2025-04-10,cs.CR,0,
2504.14737,B,2025-04-20,cs.CV,0,
2504.14739,B,2025-04-20,cs.RO,0,
2504.14751,B,2025-04-20,cs.LG,0,
2505.00216,B,2025-04-30,cs.LG,0,
2505.00222,B,2025-04-30,cs.RO,0,
2505.00225,B,2025-05-01,cs.LG,0,
2505.00232,B,2025-05-01,cs.LG,0,
2505.00240,B,2025-05-01,cs.CR,0,
2505.00254,B,2025-05-01,cs.CV,2,
2505.00749,B,2025-04-30,cs.MA,0,
2505.01456,B,2025-05-01,cs.CL,0,
2505.11050,B,2025-05-16,cs.LG,0,
2505.11060,B,2025-05-16,cs.CV,0,
2505.11063,B,2025-05-16,cs.AI,1,
2505.11065,B,2025-05-16,cs.CE,1,
2505.13504,B,2025-05-16,cs.IR,0,
2505.18373,B,2025-05-23,cs.LG,0,
2505.18374,B,2025-05-23,cs.CL,0,
2505.18377,B,2025-05-23,physics.optics,1,
2505.18380,B,2025-05-23,cs.AI,0,
2506.00742,B,2025-05-31,cs.CV,1,
2506.00743,B,2025-05-31,cs.CL,0,
2506.00765,B,2025-06-01,cs.AI,0,
2506.00770,B,2025-06-01,cs.LG,0,
2506.00771,B,2025-06-01,cs.LG,0,
2506.00772,B,2025-06-01,cs.LG,1,
2506.04235,B,2025-05-23,q-bio.QM,0,
2506.06339,B,2025-06-01,cs.IR,0,
2506.07927,B,2025-06-09,cs.AI,1,
2506.07935,B,2025-06-09,cs.MA,0,
2506.07936,B,2025-06-09,cs.CV,0,
2506.07940,B,2025-06-09,cs.AI,1,
2506.08070,B,2025-06-09,cs.LG,1,
2506.15841,B,2025-06-18,cs.CL,0,
2506.15846,B,2025-06-18,cs.CL,0,
2506.15847,B,2025-06-18,cs.RO,0,
2506.17323,B,2025-06-18,cs.LG,1,
2506.21597,B,2025-06-18,cs.CL,0,
2507.00292,B,2025-06-30,cs.CV,0,
2507.00297,B,2025-06-30,cs.CL,0,
2507.00339,B,2025-07-01,cs.CV,1,
2507.00347,B,2025-07-01,cs.SE,0,
2507.00352,B,2025-07-01,cs.SE,0,
2507.00356,B,2025-07-01,cs.CV,0,
2507.08284,B,2025-07-11,cs.LG,0,
2507.08288,B,2025-07-11,cs.CR,0,
2507.08306,B,2025-07-11,cs.AI,0,
2507.08309,B,2025-07-11,cs.CL,0,
2507.16028,B,2025-07-21,cs.AI,0,
2507.16033,B,2025-07-21,cs.HC,0,
2507.16038,B,2025-07-21,cs.CV,0,
2507.16039,B,2025-07-21,cs.LG,0,
2508.00202,B,2025-07-31,cs.LG,0,
2508.00234,B,2025-08-01,cs.NI,0,
2508.00235,B,2025-08-01,eess.IV,0,
2508.00238,B,2025-08-01,cs.CL,0,
2508.00239,B,2025-08-01,cs.HC,0,
2508.00952,B,2025-08-01,cs.CY,0,
2508.02718,B,2025-08-01,eess.SP,0,
2508.07183,B,2025-08-10,cs.HC,0,
2508.07185,B,2025-08-10,cs.CL,0,
2508.07186,B,2025-08-10,cs.AI,0,
2508.07195,B,2025-08-10,cs.CL,1,
2508.07196,B,2025-08-10,cs.DL,0,
2508.07201,B,2025-08-10,cs.SI,0,
2508.15090,B,2025-08-20,cs.CL,0,
2508.15096,B,2025-08-20,cs.CL,0,
2508.15099,B,2025-08-20,cs.LG,0,
2508.15103,B,2025-08-20,q-bio.QM,0,
2508.15106,B,2025-08-20,astro-ph.EP,0,
2508.16665,B,2025-08-20,cs.CL,1,
2509.00996,B,2025-08-31,cs.LG,1,
2509.00997,B,2025-08-31,cs.AI,0,
2509.01016,B,2025-08-31,cs.AI,0,
2509.01021,B,2025-08-31,cs.AI,0,
2509.01033,B,2025-09-01,cs.CV,0,
2509.01052,B,2025-09-01,cs.AI,0,
2509.01053,B,2025-09-01,cs.CL,0,
2509.01055,B,2025-09-01,cs.AI,1,
2509.01057,B,2025-09-01,physics.soc-ph,0,
2509.11332,B,2025-09-14,cs.CY,0,
2509.11336,B,2025-09-14,cs.AI,0,
2509.11355,B,2025-09-14,cs.CV,0,
2509.18137,B,2025-09-14,cs.LG,2,
2509.20754,B,2025-09-25,cs.AI,1,
2509.20768,B,2025-09-25,cs.LG,0,
2509.20769,B,2025-09-25,cs.IR,0,
2509.20775,B,2025-09-25,cs.CV,0,
2510.00355,B,2025-09-30,cs.AI,0,
2510.00358,B,2025-09-30,cs.RO,0,
2510.00361,B,2025-10-01,cs.HC,0,
2510.00373,B,2025-10-01,cs.LG,1,
2510.00376,B,2025-10-01,cs.CV,0,
2510.00381,B,2025-10-01,cs.AI,0,
2510.00386,B,2025-10-01,cs.LG,0,
2510.01203,B,2025-09-14,q-fin.ST,0,
2510.01258,B,2025-09-25,cs.CL,0,
2510.01286,B,2025-09-30,cs.CY,0,
2510.01287,B,2025-10-01,q-bio.QM,0,
2510.02390,B,2025-09-30,cs.GR,1,
2510.03314,B,2025-09-30,cs.CV,0,
2510.03315,B,2025-10-01,cs.CL,0,
2510.03316,B,2025-10-01,cs.CV,0,
2510.09082,B,2025-10-10,cs.AI,0,
2510.09087,B,2025-10-10,cs.AI,1,
2510.09090,B,2025-10-10,cs.CY,0,
2510.09096,B,2025-10-10,cs.RO,1,
2510.09105,B,2025-10-10,cs.LG,0,
2510.09723,B,2025-10-10,cs.LG,0,
2510.09724,B,2025-10-10,cs.SE,1,
2510.13829,B,2025-10-10,cs.CL,1,
2510.18267,B,2025-10-21,cs.CV,0,
2510.18269,B,2025-10-21,cs.CV,0,
2510.18279,B,2025-10-21,cs.CL,0,
2510.18909,B,2025-10-21,cs.CL,0,
2510.18910,B,2025-10-21,cs.LG,0,
2510.18911,B,2025-10-21,physics.chem-ph,0,
2510.20847,B,2025-10-21,q-bio.NC,0,
2511.00268,B,2025-10-31,cs.CL,0,
2511.00269,B,2025-10-31,cs.CV,0,
2511.00270,B,2025-10-31,cs.CL,0,
2511.00279,B,2025-10-31,cs.MM,0,
2511.00280,B,2025-10-31,cs.LG,0,
2511.00328,B,2025-11-01,cs.CV,0,
2511.00340,B,2025-11-01,cs.AI,0,
2511.00342,B,2025-11-01,cs.CR,0,
2511.00346,B,2025-11-01,cs.CR,0,
2511.00352,B,2025-11-01,cs.CV,0,
2511.01866,B,2025-10-21,cs.DC,0,
2511.08378,B,2025-11-11,cs.IR,0,
2511.08379,B,2025-11-11,cs.AI,0,
2511.08387,B,2025-11-11,cs.CV,1,
2511.08389,B,2025-11-11,eess.AS,0,
2511.08394,B,2025-11-11,cs.CL,0,
2511.09570,B,2025-11-11,cs.AI,0,
2511.10651,B,2025-11-01,cs.CL,0,
2511.16423,B,2025-11-20,cs.AI,0,
2511.16427,B,2025-11-20,cs.LG,0,
2511.16432,B,2025-11-20,cs.AI,0,
2511.16445,B,2025-11-20,cs.AI,0,
2511.16449,B,2025-11-20,cs.CV,0,
2512.01119,B,2025-11-30,cs.LG,1,
2512.01127,B,2025-11-30,cs.LG,0,
2512.01148,B,2025-11-30,cs.CV,0,
2512.01149,B,2025-11-30,cs.AI,0,
2512.01152,B,2025-12-01,cs.LG,0,
2512.01153,B,2025-12-01,cs.CV,0,
2512.05137,B,2025-11-30,cs.CV,1,
2512.05993,B,2025-11-30,cs.CV,0,
2512.05994,B,2025-12-01,eess.AS,0,
2512.08833,B,2025-12-09,cs.AI,0,
2512.08868,B,2025-12-09,cs.AI,0,
2512.17250,B,2025-12-19,cs.AI,0,
2512.17251,B,2025-12-19,cs.CR,0,
2512.17255,B,2025-12-19,q-bio.NC,0,
2512.23717,B,2025-12-09,cs.CL,0,
2601.00138,B,2025-12-31,cs.AI,0,
2601.00142,B,2026-01-01,cs.AI,0,
2601.00143,B,2026-01-01,q-bio.GN,0,
2601.00150,B,2026-01-01,cs.CV,0,
2601.00167,B,2026-01-01,cs.LG,0,
2601.00170,B,2026-01-01,eess.IV,0,
2601.00181,B,2026-01-01,cs.CL,0,
2601.00189,B,2026-01-01,cs.LG,0,
2601.00907,B,2025-12-31,eess.IV,0,
2601.00908,B,2026-01-01,cs.LG,0,
2601.02404,B,2025-12-31,cs.CL,0,
2601.08005,B,2026-01-12,cs.AI,0,
2601.08011,B,2026-01-12,cs.CV,0,
2601.08017,B,2026-01-12,cs.CV,0,
2601.08026,B,2026-01-12,cs.CV,0,
2601.08043,B,2026-01-12,cs.CV,0,
2601.08049,B,2026-01-12,cs.AI,0,
2601.08052,B,2026-01-12,cs.AI,0,
2601.08058,B,2026-01-12,cs.CL,0,
2601.11532,B,2025-11-20,cs.HC,1,
2601.16803,B,2026-01-23,cs.CL,0,
2601.16806,B,2026-01-23,cs.AI,0,
2601.16809,B,2026-01-23,cs.SE,0,
2601.16811,B,2026-01-23,cs.CV,0,
2601.16823,B,2026-01-23,cs.CL,0,
2601.16824,B,2026-01-23,cs.HC,0,
2601.16830,B,2026-01-23,cs.LG,0,
2602.00911,B,2026-01-31,cs.AI,0,
2602.00913,B,2026-01-31,cs.CL,0,
2602.00914,B,2026-01-31,cs.CL,0,
2602.00924,B,2026-01-31,cs.AI,0,
2602.00929,B,2026-01-31,cs.AI,0,
2602.00931,B,2026-01-31,cs.LG,0,
2602.00945,B,2026-02-01,cs.CL,0,
2602.00947,B,2026-02-01,cs.AI,0,
2602.00948,B,2026-02-01,physics.soc-ph,0,
2602.00950,B,2026-02-01,cs.AI,0,
2602.00951,B,2026-02-01,cs.AI,0,
2602.00954,B,2026-02-01,cs.AI,0,
2602.00960,B,2026-02-01,cs.LG,0,
2602.00979,B,2026-02-01,cs.CR,0,
2602.07017,B,2026-02-01,cs.CV,0,
2602.08040,B,2026-02-08,cs.LG,0,
2602.08041,B,2026-02-08,cs.LG,0,
2602.08043,B,2026-02-08,cs.LG,0,
2602.08052,B,2026-02-08,cs.AI,0,
2602.08054,B,2026-02-08,cs.LG,0,
2602.08057,B,2026-02-08,cs.CV,0,
2602.08058,B,2026-02-08,cs.CV,0,
2602.08059,B,2026-02-08,cs.CV,0,
2602.09058,B,2026-02-08,stat.ML,0,
2602.15847,B,2026-01-23,cs.CL,0,
2602.16109,B,2026-02-18,cs.CR,0,
2602.16110,B,2026-02-18,cs.CV,1,
2602.16111,B,2026-02-18,stat.AP,0,
2602.16124,B,2026-02-18,cs.IR,0,
2602.16136,B,2026-02-18,cs.IR,0,
2602.16140,B,2026-02-18,cs.HC,0,
2602.16147,B,2026-02-18,cs.LG,0,
2602.16154,B,2026-02-18,cs.CL,0,
2602.16742,B,2026-02-18,cs.LG,1,
2603.00785,B,2026-02-28,quant-ph,0,
2603.00792,B,2026-02-28,cs.LG,1,
2603.00801,B,2026-02-28,cs.AI,0,
2603.00808,B,2026-02-28,cs.AI,0,
2603.00822,B,2026-02-28,cs.SE,1,
2603.00823,B,2026-02-28,cs.CL,0,
2603.00824,B,2026-02-28,cs.LG,0,
2603.00856,B,2026-03-01,cs.SE,0,
2603.00857,B,2026-03-01,cs.LG,0,
2603.00858,B,2026-03-01,econ.TH,0,
2603.00859,B,2026-03-01,cs.CR,0,
2603.00870,B,2026-03-01,cs.CV,0,
2603.00873,B,2026-03-01,cs.AI,0,
2603.00876,B,2026-03-01,cs.AI,2,
2603.00883,B,2026-03-01,cs.LG,0,
2603.00889,B,2026-03-01,cs.CL,0,
2603.00910,B,2026-03-01,cs.IT,1,
2603.00917,B,2026-03-01,cs.CL,0,
2603.02268,B,2026-02-28,cs.LG,0,
2603.02271,B,2026-03-01,cs.PF,0,
2603.10340,B,2026-03-11,cs.CV,0,
2603.10341,B,2026-03-11,cs.LG,1,
2603.10351,B,2026-03-11,cs.CL,0,
2603.10357,B,2026-03-11,cs.NI,0,
2603.10359,B,2026-03-11,cs.AI,0,
2603.10367,B,2026-03-11,cs.CL,0,
2603.10369,B,2026-03-11,cs.IR,0,
2603.10373,B,2026-03-11,cs.RO,0,
2603.10374,B,2026-03-11,cs.HC,0,
2603.10377,B,2026-03-11,cs.LG,0,
2603.13381,B,2026-03-11,cs.LG,0,
2603.19831,B,2026-03-20,eess.AS,1,
2603.19849,B,2026-03-20,cs.CL,0,
2603.19852,B,2026-03-20,cs.CV,0,
2603.19880,B,2026-03-20,cs.LG,1,
2603.19888,B,2026-03-20,cs.LG,0,
2603.19896,B,2026-03-20,cs.AI,0,
2603.20351,B,2026-03-20,cs.CR,1,
2603.22321,B,2026-03-20,cs.CV,0,
2603.22322,B,2026-03-20,cs.LG,0,
2603.22323,B,2026-03-20,cs.LG,0,
2603.22324,B,2026-03-20,cs.LG,0,
2604.00021,B,2026-03-11,cs.CL,0,
2604.00277,B,2026-03-31,eess.SY,0,
2604.00279,B,2026-03-31,cs.CV,0,
2604.00280,B,2026-03-31,cs.SE,0,
2604.00281,B,2026-03-31,cs.AI,0,
2604.00284,B,2026-03-31,cs.AI,0,
2604.00298,B,2026-03-31,cs.CV,0,
2604.00304,B,2026-03-31,cs.CL,0,
2604.00310,B,2026-03-31,cs.LG,0,
2604.00314,B,2026-03-31,eess.IV,1,
2604.00350,B,2026-04-01,cs.RO,0,
2604.00356,B,2026-04-01,cs.AI,0,
2604.00362,B,2026-04-01,cs.AI,1,
2604.00387,B,2026-04-01,cs.CR,0,
2604.00392,B,2026-04-01,cs.SE,0,
2604.00394,B,2026-04-01,cs.LG,0,
2604.00397,B,2026-04-01,cs.CV,0,
2604.00402,B,2026-04-01,cs.CV,0,
2604.00414,B,2026-04-01,cs.AI,0,
2604.08591,B,2026-03-31,cs.LG,0,
2604.09285,B,2026-04-10,cs.AI,1,
2604.09297,B,2026-04-10,cs.SE,0,
2604.09306,B,2026-04-10,quant-ph,0,
2604.09308,B,2026-04-10,cs.AI,0,
2604.09338,B,2026-04-10,cs.AI,0,
2604.09349,B,2026-04-10,cs.CV,1,
2604.09360,B,2026-04-10,cs.SE,1,
2604.09665,B,2026-04-01,cs.LG,0,
2604.13070,B,2026-03-20,cs.CL,0,
2604.13101,B,2026-04-10,cs.SE,0,
2604.13102,B,2026-04-10,cs.SE,0,
2604.14188,B,2026-04-01,cs.AI,0,
2604.18083,B,2026-04-20,cs.LG,0,
2604.18087,B,2026-04-20,cs.CL,0,
2604.18088,B,2026-04-20,cs.CV,0,
2604.18095,B,2026-04-20,cs.AI,1,
2604.18096,B,2026-04-20,cs.HC,0,
2604.18103,B,2026-04-20,cs.AI,1,
2604.18124,B,2026-04-20,cs.CL,0,
2604.18128,B,2026-04-20,cs.CL,0,
2604.18131,B,2026-04-20,cs.AI,0,
2604.18133,B,2026-04-20,cs.AI,0,
2604.18660,B,2026-04-20,cs.CR,0,
2605.00248,B,2026-04-30,cs.AI,0,
2605.00254,B,2026-04-30,cs.NI,0,
2605.00256,B,2026-04-30,cs.CV,0,
2605.00257,B,2026-04-30,cs.CL,0,
2605.00267,B,2026-04-30,cs.LG,0,
2605.00270,B,2026-04-30,cs.CL,0,
2605.00271,B,2026-04-30,cs.CV,1,
2605.00273,B,2026-04-30,cs.CV,0,
2605.00300,B,2026-05-01,cs.AI,0,
2605.00310,B,2026-05-01,cs.CV,0,
2605.00313,B,2026-05-01,cond-mat.mtrl-sci,0,
2605.00314,B,2026-05-01,cs.CR,0,
2605.00315,B,2026-05-01,cs.CY,0,
2605.00327,B,2026-05-01,cs.IR,1,
2605.00334,B,2026-05-01,cs.AI,0,
2605.00336,B,2026-05-01,cs.CL,1,
2605.00343,B,2026-05-01,cs.CY,0,
2605.00347,B,2026-05-01,cs.LG,0,
2605.00351,B,2026-05-01,cs.LG,0,
2605.00354,B,2026-05-01,cs.LG,0,
2605.00356,B,2026-05-01,cs.CL,0,
2605.00361,B,2026-05-01,cs.CY,0,
2605.00850,B,2026-04-20,physics.ao-ph,0,
2605.00930,B,2026-04-30,q-bio.GN,0,
2605.00932,B,2026-05-01,cs.SE,0,
2605.08128,B,2026-05-01,cs.LG,0,
2605.11109,B,2026-05-11,physics.geo-ph,0,
2605.11114,B,2026-05-11,cs.RO,0,
2605.11118,B,2026-05-11,cs.AI,0,
2605.11130,B,2026-05-11,cs.LG,0,
2605.11134,B,2026-05-11,cs.LG,0,
2605.11135,B,2026-05-11,cs.MA,0,
2605.11136,B,2026-05-11,cs.AI,1,
2605.11143,B,2026-05-11,cs.CL,0,
2605.11151,B,2026-05-11,cs.AI,0,
2605.11154,B,2026-05-11,astro-ph.IM,0,
2605.11157,B,2026-05-11,cs.GT,0,
2605.11161,B,2026-05-11,cs.LG,0,
2605.13884,B,2026-05-11,q-bio.NC,0,
2605.16389,B,2026-05-11,cs.RO,0,
2605.18763,B,2026-04-10,cs.IR,0,
2605.18805,B,2026-05-11,cs.IR,0,
2605.22422,B,2026-05-21,cs.CV,1,
2605.22437,B,2026-05-21,cs.CR,0,
2605.22441,B,2026-05-21,cs.CR,0,
2605.22446,B,2026-05-21,cs.CV,0,
2605.22448,B,2026-05-21,cs.AI,0,
2605.22454,B,2026-05-21,cs.LG,0,
2605.22455,B,2026-05-21,cs.CV,0,
2605.22456,B,2026-05-21,cs.RO,0,
2605.22457,B,2026-05-21,cs.AI,0,
2605.22462,B,2026-05-21,cs.CL,0,
2605.22468,B,2026-05-21,cs.LG,0,
2605.22480,B,2026-05-21,cs.LG,0,
2605.22493,B,2026-05-21,cs.LG,0,
2605.22498,B,2026-05-21,cs.LG,0,
2605.22501,B,2026-05-21,cs.CL,0,
2605.22502,B,2026-05-21,cs.AI,0,
2605.23908,B,2026-04-01,cs.AI,1,
2605.23925,B,2026-04-20,cs.CY,0,
2605.23956,B,2026-05-11,cs.AI,0,
2605.23957,B,2026-05-11,cs.AI,0,
2605.28833,B,2026-04-10,cs.CL,0,
2605.28834,B,2026-04-10,cs.CL,0,
2605.28835,B,2026-04-10,cs.CL,0,
2606.00046,B,2026-04-30,cs.MM,0,
2606.01441,B,2026-05-31,cs.AI,0,
2606.01442,B,2026-05-31,cs.CR,0,
2606.01443,B,2026-05-31,cs.LG,0,
2606.01444,B,2026-05-31,cs.AI,0,
2606.01457,B,2026-05-31,cs.AI,0,
2606.01462,B,2026-05-31,cs.AI,0,
2606.01468,B,2026-05-31,stat.ML,0,
2606.01470,B,2026-05-31,physics.flu-dyn,0,
2606.01472,B,2026-05-31,cs.DC,0,
2606.01473,B,2026-05-31,cs.AI,0,
2606.01478,B,2026-05-31,cs.RO,0,
2606.01483,B,2026-05-31,cs.LG,1,
2606.01490,B,2026-05-31,cs.SE,0,
2606.01494,B,2026-05-31,cs.CR,0,
2606.01498,B,2026-05-31,cs.CL,0,
2606.01502,B,2026-05-31,cs.DC,0,
2606.01508,B,2026-06-01,cs.CR,0,
2606.01509,B,2026-06-01,cs.LG,0,
2606.01513,B,2026-06-01,cs.DC,0,
2606.01520,B,2026-06-01,cs.AI,0,
2606.01528,B,2026-06-01,cs.AI,1,
2606.01540,B,2026-06-01,cs.LG,0,
2606.01542,B,2026-06-01,cs.DC,0,
2606.01552,B,2026-06-01,cs.AI,1,
2606.01560,B,2026-06-01,cs.LG,0,
2606.01561,B,2026-06-01,cs.AI,1,
2606.01567,B,2026-06-01,cs.CR,0,
2606.01584,B,2026-06-01,cs.CL,0,
2606.01599,B,2026-06-01,cs.AI,0,
2606.01602,B,2026-06-01,cs.LG,1,
2606.01607,B,2026-06-01,cs.LG,0,
2606.09848,B,2026-05-01,cs.HC,0,
2606.09864,B,2026-06-01,cs.LG,0,
2606.09866,B,2026-06-01,cs.LG,0,
2606.10770,B,2026-06-09,stat.ME,0,
2606.10782,B,2026-06-09,cs.CR,0,
2606.10787,B,2026-06-09,cs.AI,0,
2606.10794,B,2026-06-09,cs.AI,1,
2606.10796,B,2026-06-09,cs.CL,0,
2606.10799,B,2026-06-09,cs.AI,0,
2606.10802,B,2026-06-09,cs.LG,0,
2606.10803,B,2026-06-09,cs.CL,0,
2606.10806,B,2026-06-09,cs.AI,0,
2606.10819,B,2026-06-09,cs.CV,0,
2606.10820,B,2026-06-09,cs.LG,0,
2606.10827,B,2026-06-09,cs.NI,0,
2606.10829,B,2026-06-09,cs.CL,0,
2606.10833,B,2026-06-09,cs.AI,0,
2606.10835,B,2026-06-09,cs.LG,0,
2606.10852,B,2026-06-09,cs.CL,0,
2606.15504,B,2026-04-01,cs.AI,0,
2606.21297,B,2026-06-19,cs.LG,0,
2606.21306,B,2026-06-19,cs.AI,0,
2606.21307,B,2026-06-19,cs.LG,0,
2606.21315,B,2026-06-19,cs.AI,0,
2606.21317,B,2026-06-19,cs.HC,0,
2606.21333,B,2026-06-19,cs.LG,0,
2606.21337,B,2026-06-19,cs.LG,1,
2606.21344,B,2026-06-19,cs.AI,0,
2606.21356,B,2026-06-19,cs.LG,0,
2606.21365,B,2026-06-19,cs.SD,0,
2606.21366,B,2026-06-19,eess.AS,0,
2606.21368,B,2026-06-19,cs.CV,1,
2606.21384,B,2026-06-19,cs.CV,1,
2606.24911,B,2026-06-19,cs.SD,0,
2606.24912,B,2026-06-19,cs.SD,0,
2607.00191,B,2026-06-30,cs.RO,1,
2607.00208,B,2026-06-30,cs.CL,1,
2607.00211,B,2026-06-30,cs.AI,0,
2607.00218,B,2026-06-30,cs.CV,0,
2607.00220,B,2026-06-30,math.CT,0,
2607.00233,B,2026-06-30,cs.AI,0,
2607.00247,B,2026-06-30,cs.SD,0,
2607.00248,B,2026-06-30,cs.AI,0,
2607.00251,B,2026-06-30,cs.CV,0,
2607.00259,B,2026-06-30,cs.CV,0,
2607.00267,B,2026-06-30,cs.LG,0,
2607.00269,B,2026-06-30,cs.AI,1,
2607.00272,B,2026-06-30,cs.RO,0,
2607.00274,B,2026-06-30,cs.CL,0,
2607.00275,B,2026-06-30,cs.LG,0,
2607.00283,B,2026-07-01,cs.RO,0,
2607.00292,B,2026-07-01,cs.NI,0,
2607.00296,B,2026-07-01,cs.CV,0,
2607.00304,B,2026-07-01,cs.LG,0,
2607.00310,B,2026-07-01,cs.CV,0,
2607.00329,B,2026-07-01,cs.LG,0,
2607.00334,B,2026-07-01,cs.AI,0,
2607.00341,B,2026-07-01,cs.CL,0,
2607.00362,B,2026-07-01,cs.CR,1,
2607.00363,B,2026-07-01,cs.SD,0,
2607.00365,B,2026-07-01,quant-ph,0,
2607.09474,B,2026-07-10,cs.AI,0,
2607.09481,B,2026-07-10,cs.CV,0,
2607.09489,B,2026-07-10,cs.AI,0,
2607.09492,B,2026-07-10,cs.AI,0,
2607.09493,B,2026-07-10,cs.AI,0,
2607.09502,B,2026-07-10,cs.LG,0,
2607.09503,B,2026-07-10,cs.CV,0,
2607.09510,B,2026-07-10,cs.SE,0,
2607.09520,B,2026-07-10,cs.CV,1,
2607.09521,B,2026-07-10,cs.AI,0,
2607.09693,B,2026-06-19,cs.LG,0,
2607.14137,B,2026-07-10,cs.PL,0,
2607.14138,B,2026-07-10,cs.PL,0,
2607.19847,B,2026-07-22,cs.LG,1,
2607.19856,B,2026-07-22,cs.CL,0,
2607.19857,B,2026-07-22,cs.CV,0,
2607.19864,B,2026-07-22,eess.IV,0,
2607.19865,B,2026-07-22,cs.AI,0,
2607.19867,B,2026-07-22,cs.CL,0,
2607.19894,B,2026-07-22,cs.CR,0,
2607.19895,B,2026-07-22,cs.CV,1,
2607.19913,B,2026-07-22,cs.AI,0,
2607.19914,B,2026-07-22,cs.AI,0,
2607.19935,B,2026-07-22,cs.AI,0,
2607.24748,B,2026-05-21,cs.IR,0,
2608.00289,B,2026-07-31,cs.AI,0,
2608.00298,B,2026-07-31,cs.AI,0,
2608.00303,B,2026-07-31,cs.AI,0,
2608.00309,B,2026-07-31,cs.SE,1,
2608.00321,B,2026-07-31,cs.AI,0,
2608.00326,B,2026-07-31,cs.AI,0,
2608.00335,B,2026-07-31,cs.AI,0,
2608.00339,B,2026-07-31,cs.AI,0,
2608.00345,B,2026-07-31,cs.CV,1,
2608.00361,B,2026-08-01,cs.CV,0,
2608.00366,B,2026-08-01,cs.SE,0,
2608.00374,B,2026-08-01,cs.LO,0,
2608.00383,B,2026-08-01,cs.LO,0,
2608.00391,B,2026-08-01,cs.RO,0,
2608.00396,B,2026-08-01,cs.LO,0,
2608.00402,B,2026-08-01,cs.LG,0,
2608.00405,B,2026-08-01,cs.AI,0,
2608.00410,B,2026-08-01,cs.AI,0,
2608.00415,B,2026-08-01,cs.CV,0,
2608.00417,B,2026-08-01,cs.AI,0,
2608.02650,B,2026-07-31,cs.AI,0,
2608.07481,B,2026-06-09,cs.HC,0,
2608.08852,B,2026-08-09,cs.AI,0,
2608.08859,B,2026-08-09,cs.LG,0,
2608.08878,B,2026-08-09,cs.LG,0,
2608.08881,B,2026-08-09,cs.AI,0,
2608.08882,B,2026-08-09,cs.HC,0,
2608.08883,B,2026-08-09,cs.AI,0,
2608.08888,B,2026-08-09,cs.AI,0,
2608.08889,B,2026-08-09,cs.AI,0,
2608.08896,B,2026-08-09,cs.AI,0,
2608.08898,B,2026-08-09,cs.NE,0,
2608.08904,B,2026-08-09,cs.CV,0,
2608.08907,B,2026-08-09,cs.CV,0,
2608.12374,B,2026-07-22,cs.CL,0,
2608.12387,B,2026-08-01,cs.CL,0,
2608.14587,B,2026-06-19,cs.AI,0,
2608.14659,B,2026-07-31,cs.AI,0,
2608.14660,B,2026-07-31,cs.LG,0,
2608.14662,B,2026-08-01,eess.SP,0,
2608.14694,B,2026-08-09,cs.AI,0,
2608.18289,B,2026-08-18,cs.AI,0,
2608.18294,B,2026-08-18,stat.ME,0,
2608.18296,B,2026-08-18,cs.CY,0,
2608.18300,B,2026-08-18,cs.AI,0,
2608.18303,B,2026-08-18,cs.AI,0,
2608.18307,B,2026-08-18,cs.AI,0,
2608.18311,B,2026-08-18,cs.CV,0,
2608.18324,B,2026-08-18,cs.AI,0,
2608.18336,B,2026-08-18,cs.AI,0,
2608.18339,B,2026-08-18,cs.CV,0,
2608.18341,B,2026-08-18,cs.NE,0,
2608.18346,B,2026-08-18,physics.chem-ph,0,
2608.20392,B,2026-06-30,cs.CL,0,
2608.20393,B,2026-07-01,cs.CL,1,
2608.20418,B,2026-08-18,q-bio.QM,0,
2608.28491,B,2026-08-28,cs.AI,0,
2608.28497,B,2026-08-28,cs.SE,0,
2608.28511,B,2026-08-28,cs.AI,0,
2608.28515,B,2026-08-28,math.NA,0,
2608.28518,B,2026-08-28,cs.AI,0,
2608.28524,B,2026-08-28,cs.CV,0,
2608.28534,B,2026-08-28,cs.AI,0,
2608.28541,B,2026-08-28,cs.LG,0,
2608.28549,B,2026-08-28,cs.CV,0,
2608.28553,B,2026-08-28,cs.AI,0,
